said,9999
coronavirus,4177
mr,3958
peopl,3793
us,3480
test,3322
week,3074
would,3020
covid,2910
virus,2809
hospit,2769
health,2689
compani,2656
new,2639
say,2637
state,2554
day,2536
work,2530
one,2443
patient,2363
also,2356
could,2217
time,2209
home,2135
case,2132
govern,2096
mani,1996
like,1977
pandem,1936
get,1915
countri,1898
year,1882
use,1849
need,1796
busi,1783
infect,1776
includ,1763
offici,1734
make,1655
last,1564
worker,1551
month,1539
accord,1534
two,1510
diseas,1505
help,1477
march,1429
even,1426
medic,1398
take,1379
call,1364
report,1363
spread,1348
million,1332
citi,1329
close,1321
go,1315
may,1313
nation,1301
first,1280
china,1278
presid,1276
number,1246
new_york,1236
mask,1222
death,1207
it,1204
crisi,1199
public,1184
trump,1175
world,1153
come,1138
dr,1105
care,1100
plan,1091
american,1087
ms,1074
data,1041
feder,1033
center,1025
doctor,1025
provid,1021
market,1015
back,1011
posit,1006
system,1001
outbreak,993
recent,991
travel,979
order,968
still,963
emerg,957
employe,941
group,937
servic,926
product,926
live,922
suppli,915
much,913
famili,904
sever,900
around,893
hous,891
univers,870
protect,866
sinc,866
billion,857
econom,855
risk,852
start,851
rate,850
respons,847
way,846
global,843
social,830
inc,822
person,810
offic,810
part,808
economi,794
face,790
oper,788
show,787
drug,780
research,777
continu,776
facil,772
keep,769
local,762
industri,761
measur,759
administr,745
place,742
execut,741
caus,733
move,729
alreadi,722
monday,714
three,712
ventil,710
end,710
allow,710
expect,709
increas,707
nurs,707
might,706
school,704
tri,699
author,696
among,695
across,693
depart,689
develop,688
sign,677
limit,677
anoth,677
ask,674
stay,673
chief,671
job,671
put,671
ill,671
near,666
see,666
chang,661
resid,661
right,659
hand,655
fund,653
larg,651
april,647
well,645
quarantin,640
effort,639
result,636
manag,633
healthcar,630
member,630
demand,627
offer,623
food,622
requir,622
die,619
next,618
share,616
earli,616
effect,615
support,614
other,614
bank,614
friday,612
without,607
studi,607
itali,607
symptom,605
small,600
least,598
tuesday,598
look,596
financi,595
expert,594
staff,589
run,589
hour,588
prevent,588
long,585
restrict,584
want,584
confirm,583
polici,581
wednesday,579
ad,579
good,578
return,578
open,574
bed,573
thursday,572
organ,565
far,562
life,562
remain,559
washington,556
made,553
issu,553
inform,551
control,547
less,546
set,545
program,545
whether,544
forc,542
store,541
everi,539
major,537
think,537
possibl,536
follow,534
lockdown,534
area,530
high,527
told,526
distanc,524
quick,524
thing,523
concern,523
critic,522
becom,515
potenti,512
equip,511
receiv,509
leav,508
differ,506
meet,505
later,503
sick,502
street,498
stock,496
import,495
know,494
south,493
pay,492
team,491
current,489
firm,489
decis,488
cancel,487
price,484
though,483
find,482
white,479
agenc,478
room,475
direct,475
journal,471
leader,468
vaccin,468
onlin,467
treatment,467
level,465
line,465
brief,464
communiti,464
turn,461
treat,459
loan,458
point,456
give,453
trade,453
sale,452
announc,451
contact,451
popul,451
enough,450
democrat,449
intern,448
past,447
feel,445
news,444
condit,443
cost,441
director,439
airlin,439
children,436
unit,433
restaur,433
chines,433
employ,433
hold,432
hope,432
ca,430
investor,430
total,428
outsid,427
problem,427
late,426
human,425
must,425
insur,425
six,424
institut,424
custom,422
general,421
earlier,420
america,420
hit,420
secur,420
money,418
sunday,418
reopen,417
abl,414
capac,413
technolog,413
estim,410
produc,410
suggest,410
governor,408
declin,408
deal,407
cut,407
mean,403
impact,402
avail,400
question,399
relat,399
normal,398
slow,397
epidem,397
bill,395
john,394
step,393
lead,393
act,392
contract,392
process,391
focus,391
consid,388
daili,388
better,388
manufactur,387
creat,386
counti,386
found,385
avoid,384
reduc,382
second,380
base,380
four,379
wall,378
initi,378
project,377
individu,376
shut,375
often,374
began,374
clinic,374
play,373
warn,373
addit,371
spend,371
big,370
activ,369
associ,369
visit,368
region,365
contain,364
gather,364
join,363
begin,363
novel,362
challeng,360
benefit,360
student,357
event,355
yet,355
stop,354
immun,354
due,354
yearold,353
prepar,352
best,352
medicin,352
senat,352
that,349
worri,349
respiratori,349
polit,348
privat,347
isol,345
phone,343
respond,342
invest,341
buy,340
short,339
away,336
gov,335
appear,335
build,334
period,334
fear,333
parti,333
europ,332
happen,331
clear,331
fall,331
within,330
hard,330
lot,330
ship,329
similar,327
note,327
aid,326
ago,326
friend,326
wo,324
reach,324
pass,322
elect,322
situat,321
rule,321
took,320
flight,320
cuomo,319
lawmak,319
quarter,319
essenti,318
age,318
congress,317
capit,317
media,317
recommend,316
five,316
law,316
there,316
came,316
bring,315
game,315
vote,315
sourc,313
power,313
struggl,313
convers,313
court,312
shift,311
record,311
top,310
minist,310
former,309
futur,309
california,309
soon,309
thousand,308
lab,308
fight,306
releas,305
seem,305
request,304
littl,304
safe,303
resourc,303
affect,303
korea,303
half,302
senior,302
chain,301
cash,300
assist,300
known,300
never,299
amazon,298
publichealth,297
post,297
reserv,297
factori,296
expand,296
approv,296
higher,295
retail,295
packag,295
payment,295
account,294
advis,294
confer,294
oil,294
action,292
learn,292
model,292
head,290
rais,290
previous,289
given,289
air,288
experi,288
spokesman,287
practic,287
loss,286
claim,286
saturday,286
surg,285
video,285
push,284
plant,283
unemploy,283
largest,281
compar,281
seen,281
email,279
typic,279
night,279
design,278
wear,278
revenu,278
consum,278
comment,277
sent,277
rough,277
sell,276
trial,276
instead,274
figur,274
let,274
urg,273
certain,273
arriv,272
drop,272
realli,271
parent,271
repres,270
togeth,270
februari,270
wuhan,269
believ,269
discuss,269
especi,268
access,267
averag,267
interest,266
taken,266
site,265
season,265
almost,264
approach,262
howev,262
war,261
delay,261
flu,261
schedul,261
guidelin,261
central,260
everyon,260
feb,260
cover,260
biggest,260
someth,259
talk,259
european,259
maker,258
shortag,258
pressur,258
physician,258
today,257
remot,256
deliveri,255
name,255
lower,255
corp,255
track,254
debt,253
statement,253
north,252
full,252
safeti,252
clean,252
morn,251
collect,250
serious,250
term,249
handl,249
paper,248
extend,248
bodi,248
particular,247
republican,247
wait,247
grow,246
rise,245
reason,245
went,245
recov,245
someon,244
older,244
low,244
car,243
hotel,243
professor,243
ensur,242
file,242
left,242
shutdown,242
mayor,242
park,242
owner,242
seek,241
space,241
check,241
identifi,241
got,240
blood,240
signific,238
press,238
usual,237
deliv,236
uk,236
sport,236
wash,236
analyst,236
cdc,236
vulner,235
hopkin,234
paid,234
whose,233
stimulus,233
peak,233
disrupt,233
wrote,233
done,232
toll,232
rapid,232
foreign,231
immedi,230
amid,228
serv,228
book,228
decid,228
carrier,228
interview,227
de,227
relief,227
border,226
tell,226
idea,226
messag,226
moment,226
necessari,225
hundr,224
appli,224
apart,223
spokeswoman,223
save,223
old,222
lost,222
locat,221
dozen,220
prime,220
real,220
suspend,220
west,220
co,219
mass,219
free,218
per,217
option,216
publish,216
trillion,216
colleg,216
along,215
send,214
minut,214
virtual,214
sure,214
economist,214
antibodi,214
bar,213
campaign,213
guidanc,213
credit,213
stress,213
rather,212
facebook,212
breath,212
scientist,212
trip,212
growth,212
lack,211
matter,211
break,211
understand,211
despit,210
connect,210
difficult,210
shop,209
meanwhil,209
form,209
rest,209
app,209
encourag,208
board,208
conduct,208
letter,207
class,207
address,207
los,206
task,206
involv,206
depend,205
texa,205
passeng,205
nonessenti,204
perform,203
profession,203
heart,203
propos,203
abil,203
exampl,202
network,202
recess,202
train,202
legisl,202
read,201
suffer,201
threat,201
infecti,201
ahead,200
kind,200
tax,200
sanit,199
strategi,199
ban,199
partner,199
regular,198
love,198
complet,197
andrew,197
johnson,197
procedur,197
vice,196
purchas,195
determin,195
maintain,195
secretari,195
key,194
sens,194
date,194
groceri,194
abat,194
main,194
touch,194
becam,193
held,193
socialdistanc,193
lung,193
fewer,193
bad,193
updat,191
everyth,191
led,191
thought,191
side,191
fell,191
expos,191
aim,191
fauci,191
hire,190
decad,190
role,190
crowd,190
donat,190
great,189
enter,189
union,189
germani,188
citizen,188
list,188
overwhelm,187
agre,187
screen,187
wife,187
consult,187
sector,187
histori,186
door,186
newslett,186
probabl,185
monitor,185
navi,185
twitter,185
valu,185
treasuri,185
watch,184
cough,184
postpon,184
common,184
damag,184
labor,184
entir,183
view,183
success,183
bond,183
gear,182
write,182
ever,182
machin,181
amount,181
walk,181
spot,181
florida,181
japan,181
survey,181
specif,180
attack,180
januari,179
familiar,179
websit,179
cours,179
sampl,179
women,178
weekend,177
transport,177
sometim,177
cell,177
earn,176
attend,176
incom,176
kit,175
tool,175
dollar,175
stori,175
bankruptci,175
domest,174
mexico,174
surviv,174
lose,174
jersey,174
distribut,173
target,173
negat,173
scienc,173
carri,173
colleagu,173
indic,173
defens,172
profit,172
angel,172
answer,172
crew,172
young,172
final,172
mother,172
rose,172
fail,171
household,171
nationwid,171
he,170
anyth,170
n,169
transmiss,169
natur,169
rang,169
financ,169
franc,168
origin,168
widespread,168
although,168
count,168
prison,168
island,167
materi,167
regul,167
intens,167
fever,167
beyond,166
closur,166
separ,166
generat,166
surgeri,166
india,166
doubl,165
exist,165
town,165
mark,164
uncertainti,164
disinfect,164
forecast,164
gain,164
beij,164
water,163
strong,163
front,163
exposur,163
impos,163
jone,163
reli,163
seattl,163
eas,163
charg,162
husband,162
militari,161
behind,161
temperatur,161
polic,160
whole,160
recoveri,160
inmat,160
interact,159
voter,159
opportun,159
summer,159
add,158
remov,158
devic,158
annual,157
greater,157
kill,157
alway,156
fill,156
client,156
predict,156
italian,156
supplier,155
promis,155
elder,155
strain,155
temporarili,155
declar,155
insid,154
coupl,154
biden,154
drive,154
leagu,154
seven,153
communic,153
healthi,153
toward,153
fed,153
review,152
felt,152
longer,152
particip,152
corpor,151
item,151
temporari,151
actual,151
third,151
worldwid,151
cruis,151
ceo,150
rent,150
r,150
special,149
player,149
hong,149
committe,149
boost,148
commerci,148
surfac,148
dow,148
fda,148
user,148
readi,147
wave,147
volunt,147
comput,146
borrow,146
present,145
contribut,145
unpreced,145
dead,145
hear,145
calif,144
kong,144
wide,144
launch,144
improv,143
british,143
singl,142
highest,142
alon,142
physic,142
selfquarantin,142
immigr,142
tradit,142
investig,142
june,141
sen,141
detail,141
iran,141
glove,140
pick,140
stand,140
field,140
hot,140
implement,139
danger,139
attempt,139
platform,139
goal,139
fatal,139
host,139
pull,139
spring,139
index,139
tech,138
either,138
prompt,138
halt,138
son,138
visitor,138
refer,138
chicago,137
progress,137
engin,137
applic,137
daughter,137
energi,137
brand,136
race,136
ramp,136
anyon,136
deploy,136
diagnos,136
true,136
asset,136
adjust,136
kid,136
combin,135
longterm,135
scale,135
block,134
plus,134
enforc,134
pain,134
poll,134
lawyer,134
battl,134
miss,133
forward,133
chairman,133
canada,132
wors,132
london,132
overal,132
mobil,131
floor,131
evid,131
icu,131
adult,131
under,131
occur,131
feet,130
unlik,130
droplet,130
jan,129
els,129
own,129
wage,129
googl,129
describ,128
primari,128
guard,128
wipe,128
man,128
worst,128
asia,128
hydroxychloroquin,128
troubl,127
cite,127
experienc,127
refund,127
surgic,126
expens,126
digit,126
except,126
extra,126
church,126
michigan,126
fire,126
ny,126
analysi,126
spent,125
articl,125
fact,125
father,125
saw,125
retir,125
speak,125
brought,125
establish,125
societi,125
pm,125
laboratori,125
debat,125
st,124
stage,124
what,124
mount,124
comfort,124
perhap,124
balanc,124
mike,123
advanc,123
link,123
cloth,122
standard,122
sit,122
grant,122
ministri,122
david,122
explain,122
coordin,121
roll,121
command,121
accept,121
spain,121
speed,121
type,121
eight,120
tweet,120
shock,120
oxygen,120
giant,119
san_francisco,119
eat,119
men,119
chanc,119
cancer,119
nose,119
broad,119
advoc,118
argu,118
fli,118
liquid,118
notic,118
routin,118
minim,118
sudden,118
attent,118
complic,118
most,117
legal,117
throughout,117
express,117
educ,117
abroad,116
warehous,116
eye,116
east,116
prove,116
middl,116
flow,115
ground,115
jump,115
word,115
combat,115
candid,115
empti,115
memo,115
disast,114
budget,114
aggress,114
sailor,114
neighbor,114
district,114
commiss,114
airport,113
mild,113
child,113
intensivecar,113
sar,113
export,112
properti,112
th,112
confid,112
via,112
reflect,112
mortal,112
epidemiologist,112
seri,112
percentag,112
lender,112
smaller,111
goe,111
poor,111
tend,111
exchang,111
fiscal,111
elsewher,110
light,110
frequent,110
lift,110
stayathom,110
prioriti,110
failur,110
caution,110
singapor,110
instruct,109
paul,109
red,109
art,109
advic,109
popular,109
latest,109
begun,109
basic,109
mortgag,109
plane,109
solut,109
anim,109
mile,108
rep,108
seat,108
equiti,108
basi,108
therapi,108
independ,107
fit,107
russia,107
coverag,107
startup,107
massiv,106
eventu,106
judg,106
extrem,106
workforc,106
draw,106
noth,105
multipl,105
furlough,105
featur,104
function,104
massachusett,104
gone,104
movement,104
detect,104
statewid,104
driver,104
swab,104
softwar,103
sp,103
athlet,103
surpris,102
dog,102
infrastructur,102
acceler,102
sold,102
ohio,102
lend,102
jame,102
factor,102
text,101
broader,101
stockpil,101
resum,101
german,101
downturn,101
worth,101
gave,101
respect,101
exercis,101
western,101
acut,101
israel,101
king,101
mitig,101
auto,100
window,100
scenario,100
larger,100
rush,100
admit,100
black,100
afternoon,100
thank,99
volum,99
tie,99
crozier,99
traffic,99
pathogen,99
bat,99
hurt,98
mind,98
brooklyn,98
mayb,98
behavior,98
capt,98
document,98
australia,98
tabl,97
zoom,97
version,97
bit,97
politician,97
french,97
depress,97
la,97
protest,97
round,97
promot,97
michael,97
tesla,97
agreement,96
fast,96
gm,96
conserv,96
olymp,96
nearbi,96
louisiana,96
suspect,96
medicar,96
repeat,96
mandat,96
port,96
bureau,96
divis,95
deep,95
crucial,95
viral,95
dramat,95
negoti,95
elig,95
scientif,95
commit,94
unless,94
assembl,94
meat,94
vehicl,94
celebr,94
pneumonia,94
appropri,94
congression,94
africa,94
huge,93
arm,93
collaps,93
fee,93
saudi,93
proper,92
personnel,92
truck,92
ultim,92
various,92
assess,92
precaut,92
complex,92
curv,92
privaci,92
sander,92
shelter,91
kept,91
queen,91
korean,91
netanyahu,91
provinc,91
mouth,91
trust,91
cbededdaccbcdeb,90
strateg,90
juli,90
resort,90
walmart,90
size,90
ticket,90
northern,90
phase,90
manhattan,89
choic,89
observ,89
appl,89
fallen,89
easter,89
adopt,89
transmit,89
anxieti,89
contagion,89
simpli,89
boe,89
intellig,89
migrant,89
ford,89
rural,89
diabet,89
plasma,89
minor,88
urgent,88
guest,88
trend,88
lay,88
campus,88
pharmaceut,88
imposs,88
degre,88
strict,88
instanc,88
submit,87
page,87
lock,87
presidenti,87
accus,87
artist,87
layoff,87
transfer,87
relax,87
deni,87
exact,87
realiz,86
panic,86
sought,86
copyright,86
replac,86
anticip,86
dri,86
ventur,86
stream,86
compil,86
search,85
output,85
circumst,85
internet,85
theater,85
prospect,85
va,85
specialist,85
trace,85
tap,85
altern,85
nba,85
evalu,85
correct,85
respir,84
realiti,84
leadership,84
outcom,84
built,84
none,84
brother,84
threaten,84
meant,84
scrambl,84
lombardi,84
flood,84
piec,83
pose,83
easi,83
detroit,83
mail,83
medicaid,83
tough,83
academ,83
gdp,83
motor,82
attorney,82
she,82
qualifi,82
net,82
photo,82
station,82
memori,82
easier,82
catch,82
tip,82
influenza,82
unabl,82
relationship,82
stem,82
fals,82
agent,82
explor,82
midmarch,81
alert,81
asymptomat,81
object,81
supermarket,81
roosevelt,81
graduat,81
calcul,81
fellow,81
nine,81
advertis,81
fan,81
shortterm,81
signal,81
wonder,80
pack,80
faster,80
woman,80
younger,80
workplac,80
payrol,80
environ,80
milan,80
xi,80
substanti,79
inventori,79
studio,79
collabor,79
acknowledg,79
subject,79
civil,79
speaker,79
priorit,79
britain,79
indian,79
vari,79
harm,79
foundat,79
shown,78
bag,78
harder,78
robert,78
pictur,78
selfisol,78
caught,78
centuri,78
construct,78
aircraft,78
music,78
met,78
mission,78
vital,78
weekday,78
fair,77
toilet,77
lesson,77
qualiti,77
boston,77
fulli,77
ballot,77
appoint,77
cope,77
mnuchin,77
ge,77
tournament,77
ten,76
shape,76
histor,76
religi,76
innov,76
sound,76
emot,76
road,76
meal,76
proceed,76
restart,76
capitol,76
card,75
intervent,75
logist,75
acquir,75
justic,75
penc,75
nonprofit,75
consequ,75
convent,75
fine,75
minimum,75
connecticut,75
suit,75
will,75
fuel,75
sharp,75
weather,75
yield,75
barrel,75
trigger,75
web,75
infectiousdiseas,75
chloroquin,75
protein,75
flatten,75
gown,74
desk,74
feed,74
intend,74
bought,74
protocol,74
suppos,74
laid,74
introduc,74
babi,74
neighborhood,74
tokyo,74
noon,74
match,73
oversea,73
effici,73
instagram,73
quit,73
enabl,73
regist,73
advantag,73
blasio,73
resist,73
imagin,73
fla,73
knew,73
basketbal,73
otherwis,73
illinoi,73
electr,73
yes,73
council,73
televis,73
princess,73
chronic,73
pennsylvania,73
el,73
joint,72
strike,72
constitut,72
remind,72
joe,72
cold,72
dc,72
fresh,72
beach,72
funer,72
arrang,72
twice,72
voic,72
convert,72
fallout,72
abbott,72
session,72
founder,71
grew,71
landlord,71
prefer,71
ride,71
path,71
weak,71
southern,71
land,71
flexibl,71
sharpli,71
fashion,71
pharmaci,71
commission,71
telemedicin,71
farm,71
pregnant,71
code,70
purpos,70
prohibit,70
movi,70
rescu,70
pelosi,70
statist,70
engag,70
competit,70
consist,70
vacat,70
virginia,70
smallbusi,70
assum,70
taiwan,70
defer,70
san,70
anthoni,70
cooper,70
hygien,70
stabil,70
unknown,70
obtain,70
gilead,70
ebola,70
exceed,69
regard,69
portfolio,69
stretch,69
select,69
refus,69
hardest,69
york,69
cultur,69
frustrat,69
advisori,69
scott,69
recogn,69
enrol,69
vast,69
squar,69
oblig,69
grappl,69
everybodi,69
tube,69
throat,69
compet,68
river,68
valley,68
listen,68
holiday,68
consider,68
plung,68
alleg,68
distress,68
capabl,68
remdesivir,68
disabl,68
harvard,68
mine,68
carolina,67
extent,67
definit,67
duti,67
rare,67
extraordinari,67
violat,67
expans,67
slight,67
cloud,67
surveil,67
subscrib,67
mix,67
administ,67
mrs,67
spoke,66
spike,66
simpl,66
enjoy,66
club,66
gym,66
status,66
rememb,66
plagu,66
tariff,66
perman,66
diagnost,66
trader,66
shopper,66
steven,66
draft,66
donor,66
veteran,66
modern,65
chair,65
foot,65
ralli,65
stake,65
alarm,65
pleas,65
print,65
inperson,65
opposit,65
favor,65
cross,65
blue,65
weigh,65
llc,65
sort,65
shot,65
ii,65
colorado,65
guarante,65
devast,65
f,65
whatev,64
desper,64
grand,64
reveal,64
career,64
hill,64
curb,64
broadcast,64
england,64
jobless,64
cure,64
admiss,64
deadlin,64
mcconnel,64
confront,63
obvious,63
presenc,63
sharehold,63
newli,63
smith,63
william,63
brazil,63
extens,63
soar,63
teach,63
novemb,63
box,63
affair,63
globe,63
accur,63
chemic,63
contamin,63
win,62
coronavirusrel,62
ration,62
decemb,62
reliev,62
worsen,62
recal,62
fix,62
maryland,62
zero,62
attract,62
easili,62
staffer,62
heard,62
wrong,62
gradual,62
voluntari,62
healthnew,62
northwel,62
orlean,62
invok,61
structur,61
prior,61
bet,61
japanes,61
occup,61
slash,61
experiment,61
bigger,61
crude,61
conclud,61
finish,61
median,61
paycheck,61
canadian,60
truth,60
choos,60
burden,60
guid,60
md,60
rebound,60
utah,60
climb,60
paus,60
method,60
regulatori,60
w,60
arabia,60
basebal,60
instal,59
mention,59
discov,59
absolut,59
surgeon,59
contrast,59
armi,59
teacher,59
preserv,59
electron,59
sustain,59
rival,59
diplomat,59
enterpris,59
hardhit,59
genet,59
georg,59
iranian,59
stanford,59
peter,58
settl,58
afford,58
creativ,58
thoma,58
rank,58
allergi,58
margin,58
nj,58
overnight,58
crash,58
pretti,58
blow,58
democraci,58
reaction,58
unclear,58
deputi,58
pool,58
en,58
epidemiolog,58
chamber,58
georgia,58
content,57
entertain,57
opinion,57
blame,57
fourth,57
heavili,57
del,57
upon,57
mom,57
staf,57
rome,57
census,57
difficulti,57
pattern,57
hubei,57
await,57
gate,57
tenni,57
galleri,57
gap,56
dispos,56
theori,56
complianc,56
star,56
coach,56
sneez,56
confin,56
epicent,56
tour,56
rout,56
alloc,56
chicken,56
shipment,56
absenc,56
pledg,56
arrest,56
closer,56
coast,56
mental,56
transplant,56
zone,56
wed,56
airborn,56
stuck,55
lunch,55
welcom,55
film,55
midnight,55
ky,55
lowest,55
pari,55
awar,55
defin,55
adam,55
optim,55
chat,55
african,55
storm,55
dividend,55
victim,55
pace,55
analyz,55
proport,55
birx,55
hurrican,54
bid,54
overse,54
frontlin,54
freedom,54
column,54
deem,54
realest,54
enorm,54
pet,54
transit,54
reform,54
goldman,54
remark,54
mechan,54
discharg,54
nobodi,54
smartphon,54
jail,54
lie,54
columbia,54
provis,53
buyer,53
shelv,53
varieti,53
leas,53
score,53
captain,53
tourist,53
sister,53
integr,53
scare,53
tenant,53
reliabl,53
soccer,53
formal,53
asian,52
shield,52
perfect,52
insist,52
heavi,52
yorker,52
mod,52
demonstr,52
hall,52
tv,52
biolog,52
swift,52
eu,52
territori,52
dock,52
seal,52
contagi,52
suffici,52
tension,52
rich,52
load,51
drink,51
cook,51
drastic,51
bear,51
leverag,51
spark,51
ski,51
anywher,51
brace,51
wake,51
dose,51
tom,51
confus,51
intub,51
commerc,51
germ,51
schumer,51
constant,51
brown,51
reader,51
ltd,50
compon,50
dine,50
drivethrough,50
audienc,50
attribut,50
newspap,50
sheet,50
neither,50
stood,50
barsrestaur,50
crise,50
default,50
stick,50
surround,50
syndrom,50
asid,50
microsoft,50
criteria,50
switch,50
resili,50
anonym,50
download,50
achiev,50
uncertain,50
farmer,50
cofound,49
eager,49
divid,49
categori,49
enact,49
stuff,49
moral,49
creditor,49
bare,49
dineout,49
beachespark,49
miami,49
indefinit,49
happi,49
communist,49
taxpay,49
reluct,49
cardiovascular,49
sea,49
chris,49
pump,49
bergamo,49
adequ,49
lag,49
fluid,49
pursu,49
circul,49
spanish,49
winter,49
kirkland,49
portion,49
sex,49
tight,48
mistak,48
onto,48
disney,48
nanci,48
escal,48
struck,48
guy,48
mandatori,48
decreas,48
wsj,48
evolv,48
counter,48
disclos,48
brain,48
seller,48
amazoncom,48
premium,48
chip,48
greatest,48
assign,48
gantz,48
revers,47
latin,47
cent,47
laptop,47
adapt,47
log,47
jewish,47
fifth,47
worship,47
vessel,47
complaint,47
hair,47
salari,47
slowdown,47
prolong,47
ward,47
enhanc,47
skill,47
elimin,47
tank,47
navig,47
uniqu,47
âs,47
complain,47
earlymorn,47
minnesota,47
sba,47
agricultur,47
antivir,47
er,47
parliament,47
ratio,47
paint,47
chapter,47
lobbi,47
gene,47
color,46
kitchen,46
unusu,46
highlight,46
ran,46
fortun,46
slowli,46
compli,46
gross,46
karen,46
waiv,46
octob,46
drew,46
houston,46
precis,46
obama,46
sanofi,46
burn,46
wirth,46
procur,45
socal,45
hedg,45
steel,45
god,45
speech,45
ncaa,45
camp,45
shore,45
ambul,45
ok,45
plastic,45
oppos,45
persist,45
monetari,45
sleep,45
argument,45
curtail,45
flag,45
reject,45
revis,45
skeptic,45
grown,45
domin,45
injuri,45
lee,45
kentucki,45
que,45
estat,44
bottom,44
faith,44
moder,44
recruit,44
permit,44
vendor,44
seoul,44
corner,44
weaken,44
plummet,44
cap,44
upend,44
alli,44
mexican,44
pacif,44
catastroph,44
examin,44
aviat,44
discount,44
exit,44
cowork,44
conting,44
thus,44
stephen,44
forbear,44
musk,44
murphi,44
sinai,44
partnership,44
cluster,44
transact,44
hhs,43
filter,43
defend,43
talli,43
pair,43
display,43
penalti,43
languag,43
homeless,43
bathroom,43
dinner,43
peer,43
vietnam,43
pa,43
judgment,43
assur,43
ident,43
promin,43
suspens,43
contractor,43
exhaust,43
favorit,43
autom,43
kim,43
barrier,43
poland,43
reassur,43
volatil,43
soap,43
twothird,43
resolv,43
opt,43
tourism,43
cargo,43
sweep,43
currenc,43
diamond,43
vermont,43
imag,43
nursinghom,43
skin,43
primarili,42
ignor,42
beauti,42
joke,42
wish,42
incid,42
fort,42
partial,42
fabric,42
proxim,42
biotech,42
solv,42
heighten,42
optimist,42
destin,42
broke,42
bronx,42
equal,42
septemb,42
alex,42
dna,42
insight,42
alphabet,42
cathol,42
signatur,42
ice,42
ag,42
random,42
mer,42
newsom,42
christian,41
garden,41
escap,41
transform,41
victori,41
bori,41
anxious,41
nc,41
error,41
licens,41
owe,41
principl,41
birth,41
entri,41
smart,41
strength,41
evict,41
camera,41
notifi,41
volkswagen,41
patrick,41
deborah,41
label,41
silicon,41
cardiac,41
berni,41
click,41
smithfield,41
suprem,40
bottl,40
donald,40
rental,40
reduct,40
forgiv,40
desir,40
brian,40
august,40
appar,40
southwest,40
shanghai,40
factset,40
map,40
deriv,40
outlin,40
dedic,40
cycl,40
matt,40
here,40
prais,40
influenc,40
spur,40
imf,40
k,40
gas,40
richard,40
journalist,40
shower,40
delta,40
ibm,40
drawn,40
accommod,40
dire,40
influx,40
deleg,40
liber,40
editor,40
fundrais,40
exclud,40
westchest,40
pound,39
implic,39
miller,39
unfold,39
nomin,39
boss,39
wild,39
pop,39
hawaii,39
needswork,39
bay,39
oregon,39
unfortun,39
inevit,39
expir,39
discourag,39
repair,39
outlook,39
subsid,39
socialmedia,39
sach,39
compound,39
guam,39
stabl,39
knowledg,39
climat,39
weight,39
bailout,39
rna,39
sensit,39
brazilian,39
cautious,39
freeman,39
benchmark,39
kevin,39
diagnosi,39
hypertens,39
usa,38
conflict,38
anybodi,38
civilian,38
takeout,38
reviv,38
react,38
quiet,38
mad,38
who,38
concentr,38
outlet,38
venu,38
commut,38
inflat,38
prepared,38
elev,38
era,38
passov,38
preliminari,38
jet,38
everywher,38
subsequ,38
encount,38
petroleum,38
aspect,38
surpass,38
bonus,38
stringent,38
cumul,38
sooner,38
al,38
mutual,38
calm,38
cast,38
misinform,38
antimalari,38
russian,38
montefior,38
inspir,38
guatemala,38
divert,37
dakota,37
emphas,37
fulfil,37
crimin,37
appeal,37
shake,37
bedroom,37
berlin,37
suppress,37
habit,37
born,37
calendar,37
timelin,37
congreg,37
bolster,37
pentagon,37
drove,37
daniel,37
written,37
theme,37
comparison,37
spray,37
grandpar,37
urgenc,37
hub,37
safer,37
mich,37
pitch,37
lean,37
ai,37
reimburs,37
seder,37
tout,37
compens,37
loosen,37
pickup,37
rice,37
tackl,37
dwindl,37
villag,37
destroy,37
restructur,37
tighten,37
clark,37
bless,37
edward,37
luxuri,37
corona,37
deterior,37
interrupt,37
voluntarili,37
plenti,37
royal,37
mall,37
offset,37
ioc,37
phil,37
hardesthit,37
albani,37
valuat,37
green,37
facetim,37
tablet,37
princip,37
towel,37
sentenc,37
cotton,36
liter,36
hole,36
liberti,36
marshal,36
shutter,36
bipartisan,36
numer,36
outdoor,36
highrisk,36
lucki,36
durat,36
core,36
imperi,36
echo,36
server,36
coffe,36
detent,36
hang,36
morgan,36
prescrib,36
lupus,36
suscept,36
allianc,36
motiv,36
sec,36
robust,36
jay,36
raab,36
technician,36
dynam,36
scan,36
cnn,36
girl,36
visa,36
cybersecur,36
tract,36
odd,36
franchis,36
boom,35
idl,35
storag,35
psycholog,35
scarc,35
transpar,35
mountain,35
quot,35
tripl,35
wit,35
incent,35
idaho,35
technic,35
indiana,35
iowa,35
las,35
twoweek,35
swap,35
length,35
bounc,35
steadi,35
incred,35
hardship,35
thorough,35
restor,35
contin,35
symptomat,35
firstquart,35
afraid,35
resign,35
therefor,35
throw,35
subsidi,35
alcohol,35
appreci,35
exclus,35
ecommerc,35
narrow,35
reagent,35
permiss,35
mainland,35
tyson,35
bolsonaro,35
joseph,35
drugmak,35
folk,35
stadium,35
dream,35
fundament,35
whatsapp,35
martin,35
wisconsin,35
prescript,34
loui,34
nice,34
voucher,34
wider,34
exempt,34
deepli,34
prayer,34
embrac,34
squeez,34
trail,34
kansa,34
regardless,34
lake,34
concert,34
lethal,34
song,34
chase,34
meter,34
cheap,34
fare,34
consensus,34
warmer,34
tobacco,34
wealthi,34
gop,34
gasolin,34
aboard,34
embassi,34
altria,34
stagger,34
headquart,34
shelterinplac,34
nasal,34
genom,34
straight,34
yoga,34
arena,34
preval,34
crime,34
larri,34
desanti,34
plc,34
terrorist,34
driven,34
mutat,34
bush,34
veriti,34
metric,34
cytokin,34
spare,33
raw,33
fema,33
notif,33
versus,33
davi,33
attach,33
renew,33
doubt,33
tast,33
explan,33
conn,33
accompani,33
brook,33
assert,33
coauthor,33
grate,33
x,33
proven,33
handwash,33
stronger,33
remedi,33
pilot,33
un,33
beat,33
divers,33
fleet,33
anger,33
magnitud,33
discrimin,33
downtown,33
disord,33
intent,33
nervous,33
freez,33
steve,33
teenag,33
chariti,33
outpati,33
indonesia,33
speci,33
environment,33
homeland,33
risen,33
modifi,33
clinician,33
fox,33
regeneron,33
ventec,33
shale,33
matthew,33
sarscov,33
serolog,33
wast,32
bulk,32
broker,32
absorb,32
ideal,32
indoor,32
g,32
assumpt,32
writer,32
justifi,32
harri,32
ach,32
ceremoni,32
footbal,32
kick,32
merkel,32
ga,32
hunt,32
museum,32
aliv,32
vet,32
abandon,32
award,32
belong,32
wind,32
shrink,32
entrepreneur,32
eastern,32
malaria,32
regim,32
carniv,32
split,32
hunker,32
disappear,32
accuraci,32
valid,32
height,32
jj,32
advocaci,32
tim,32
fraud,32
cabinet,32
shirt,32
inject,32
sept,32
documentari,32
samsung,32
unitedhealth,32
particl,31
entiti,31
compel,31
breakfast,31
edg,31
telephon,31
clinton,31
disput,31
necess,31
urban,31
dark,31
naval,31
ben,31
occasion,31
jeff,31
punish,31
excess,31
consumpt,31
bell,31
defeat,31
section,31
dad,31
convinc,31
rabbi,31
mari,31
southeast,31
eric,31
silver,31
craft,31
philippin,31
undergo,31
academi,31
activist,31
telework,31
van,31
insert,31
perspect,31
vitamin,31
mar,31
therapeut,31
philadelphia,31
tennesse,31
chest,31
coalit,31
inflamm,31
daytoday,31
scene,31
rock,31
assistedliv,31
robot,31
bankrupt,31
commod,31
modi,31
mill,31
humid,31
cohen,31
supercomput,31
radio,30
metal,30
distributor,30
band,30
invit,30
navarro,30
disappoint,30
abrupt,30
dismiss,30
graham,30
grave,30
sweden,30
succeed,30
scope,30
africanamerican,30
tear,30
compromis,30
inde,30
grief,30
unexpect,30
id,30
telehealth,30
facilit,30
analyt,30
expertis,30
anyway,30
inadequ,30
adm,30
deserv,30
mccarthi,30
illustr,30
prosecutor,30
concept,30
termin,30
approxim,30
extract,30
clock,30
asthma,30
uniti,30
skip,30
util,30
homeown,30
dealer,30
frontier,30
athom,30
messr,30
conclus,30
terribl,30
nyu,30
exam,30
ton,30
editori,30
slack,30
super,30
exacerb,30
dispatch,30
sullivan,30
youtub,30
sat,30
marriag,30
rochell,30
junior,30
preced,30
palantir,30
emanuel,30
gold,29
excel,29
wheel,29
repurpos,29
discoveri,29
thermomet,29
worstcas,29
root,29
secret,29
theodor,29
controversi,29
equival,29
drag,29
minn,29
residenti,29
channel,29
terrifi,29
festiv,29
pray,29
waiver,29
jew,29
pile,29
pivot,29
endur,29
conspiraci,29
subway,29
suburb,29
premier,29
recipi,29
policyhold,29
buyback,29
airplan,29
jpmorgan,29
widen,29
norway,29
mere,29
pend,29
wolf,29
deport,29
workout,29
weapon,29
abe,29
interpret,29
hiv,29
fake,29
tactic,29
max,29
vincent,29
circl,29
taylor,29
murray,29
cave,29
mitch,29
turnaround,29
tower,29
salina,29
lÃ³pezgatel,29
sa,28
seiz,28
workfromhom,28
frame,28
nashvill,28
dalla,28
mood,28
visibl,28
wealth,28
summit,28
jim,28
hug,28
illeg,28
strip,28
sd,28
recreat,28
bike,28
cri,28
earth,28
oxford,28
llp,28
baker,28
scari,28
radic,28
dan,28
videoconfer,28
ambassador,28
automat,28
santa,28
upper,28
incub,28
admir,28
se,28
steep,28
copi,28
c,28
underscor,28
triag,28
withdraw,28
slate,28
ongo,28
fragil,28
b,28
beacon,28
sydney,28
sanction,28
langon,28
eurozon,28
warm,28
crush,28
pfizer,28
inspect,28
automobil,28
ball,28
unveil,28
stanley,28
slide,28
earliest,28
convalesc,28
oklahoma,28
artifici,28
congest,28
princ,28
killian,28
uniform,28
facial,28
mlb,28
norstein,28
ryan,27
relev,27
competitor,27
rhode,27
exponenti,27
tone,27
dpa,27
rotat,27
certif,27
grocer,27
avenu,27
notabl,27
cinema,27
hunger,27
modest,27
hero,27
departur,27
parad,27
danc,27
somebodi,27
overcom,27
spirit,27
nyc,27
decre,27
finger,27
teen,27
ore,27
whenev,27
wrap,27
crack,27
magazin,27
herd,27
occupi,27
narrat,27
survivor,27
boy,27
instrument,27
pension,27
abus,27
bus,27
beef,27
egg,27
postal,27
format,27
allevi,27
laugh,27
nonetheless,27
resembl,27
sore,27
repli,27
absent,27
normalci,27
heat,27
lawsuit,27
petit,27
riski,27
affili,27
zealand,27
midst,27
databas,27
impress,27
arthriti,27
alter,27
arizona,27
kidney,27
selloff,27
tshirt,27
dewin,27
apparel,27
tissu,27
hugh,27
retreat,27
con,27
miner,27
payout,27
backup,27
oakdal,27
outer,27
hauser,27
frank,26
swedish,26
flock,26
borough,26
distinct,26
pope,26
loom,26
captur,26
colo,26
fedex,26
sweat,26
criticalcar,26
stricken,26
championship,26
dress,26
classroom,26
chancellor,26
unnecessari,26
bezo,26
austin,26
mainten,26
somewher,26
crunch,26
municip,26
tremend,26
longtim,26
pork,26
retain,26
element,26
strang,26
solidar,26
aftermath,26
defi,26
sad,26
lone,26
precautionari,26
pediatr,26
cellphon,26
poverti,26
demograph,26
onethird,26
twin,26
jonathan,26
strategist,26
kelli,26
dave,26
onset,26
background,26
repay,26
translat,26
jason,26
ethic,26
shoe,26
supervisor,26
australian,26
sequenc,26
chuck,26
everyday,26
semest,26
bridg,26
thin,26
gavin,26
podcast,26
evacu,26
grade,26
cms,26
soonshiong,26
pregnanc,26
davidson,26
jazz,26
iwan,26
yeezi,26
xfl,26
longest,25
lifesav,25
quantiti,25
inund,25
cat,25
sight,25
classic,25
glass,25
dish,25
grain,25
convict,25
instacart,25
elit,25
episod,25
tenn,25
bread,25
headlin,25
worsthit,25
briefli,25
disproportion,25
nail,25
fish,25
ceas,25
republ,25
therapist,25
broken,25
verifi,25
synagogu,25
sacrific,25
mac,25
bowl,25
endors,25
ravag,25
reschedul,25
lÃ³pez,25
slump,25
agenda,25
livelihood,25
refin,25
freight,25
inquiri,25
crazi,25
gaug,25
wari,25
hn,25
tent,25
sedat,25
blunt,25
flew,25
disclosur,25
parttim,25
toy,25
alongsid,25
trucker,25
topic,25
nv,25
afterward,25
ailment,25
buse,25
islam,25
toni,25
hc,25
understood,25
oneday,25
likelihood,25
j,25
hat,25
tehran,25
ron,25
flulik,25
unpredict,25
sicken,25
micron,25
titl,25
uninsur,25
actor,25
birthday,25
shi,25
prematur,25
virgin,25
copper,25
geograph,25
kaiser,25
timberlak,25
edit,25
pharmacist,25
hazard,24
exploit,24
profess,24
hate,24
enemi,24
salon,24
migrat,24
litig,24
counsel,24
secondlargest,24
leisur,24
franci,24
uss,24
perceiv,24
sun,24
ppe,24
insuffici,24
freeli,24
segment,24
impli,24
magic,24
largescal,24
synthet,24
gotten,24
deficit,24
tedro,24
afloat,24
valuabl,24
moderna,24
norm,24
obrador,24
slam,24
ocean,24
interim,24
psychologist,24
vanderbilt,24
wartim,24
down,24
sentiment,24
strengthen,24
fraction,24
maximum,24
isra,24
virolog,24
efficaci,24
antibiot,24
metropolitan,24
context,24
devot,24
panel,24
roch,24
femal,24
disinform,24
flat,24
guess,24
nomine,24
sioux,24
superior,24
inspector,24
supplement,24
densiti,24
austria,24
plain,24
eldercar,24
stapl,24
dispar,24
czech,24
alabama,24
mph,24
foursquar,24
astro,24
adjourn,24
zip,23
justin,23
plead,23
smoke,23
makeshift,23
peac,23
acquisit,23
jesus,23
printer,23
draconian,23
belief,23
smell,23
english,23
comprehens,23
elmhurst,23
marketplac,23
journey,23
nowher,23
destruct,23
vigil,23
ami,23
swing,23
collater,23
lowincom,23
contest,23
cont,23
alexand,23
euro,23
greg,23
ingredi,23
frozen,23
linger,23
slower,23
wing,23
billionair,23
mcdonald,23
hook,23
heal,23
crippl,23
stall,23
wellb,23
shed,23
enlist,23
hispan,23
elizabeth,23
tide,23
overreact,23
latter,23
hurdl,23
priest,23
specul,23
hampton,23
caregiv,23
midfebruari,23
chan,23
spectat,23
actemra,23
intermedi,23
denmark,23
supervis,23
yuan,23
iceland,23
chao,23
checkpoint,23
hamper,23
pour,23
harbor,23
backlog,23
plea,23
loneli,23
stroke,23
hogan,23
ransomwar,23
swim,23
empir,23
soldier,23
qom,23
zoo,23
mayo,23
inhal,23
reit,23
tu,23
ecmo,23
wolff,23
gift,22
pro,22
ordinari,22
intensifi,22
sickest,22
diminish,22
interior,22
safeguard,22
invas,22
shrine,22
facetofac,22
amend,22
authoritarian,22
nuclear,22
logic,22
attende,22
chill,22
tragic,22
master,22
entranc,22
angela,22
mo,22
hike,22
photograph,22
pittsburgh,22
everett,22
ritual,22
truli,22
undermin,22
string,22
airway,22
bloc,22
hungari,22
auction,22
erupt,22
venezuela,22
metro,22
infus,22
stateown,22
racial,22
rick,22
unpaid,22
faa,22
morri,22
span,22
slip,22
imped,22
swath,22
tradeoff,22
amplifi,22
constitu,22
invent,22
replic,22
compassion,22
pocket,22
upload,22
min,22
phrase,22
emergencyroom,22
supplychain,22
behalf,22
dealership,22
retire,22
starbuck,22
staterun,22
nhs,22
cio,22
pizza,22
hockey,22
techniqu,22
famous,22
ali,22
simultan,22
privateequ,22
insle,22
whitmer,22
contacttrac,22
confidenti,22
katrina,22
processor,22
capita,22
cooler,22
cornel,22
crown,22
helmet,22
malaysia,22
membran,22
mrna,22
roman,21
trudeau,21
solid,21
uptick,21
cart,21
layer,21
bound,21
tape,21
tini,21
religion,21
rigor,21
brett,21
exhibit,21
rudi,21
privileg,21
coop,21
nev,21
alaska,21
wyom,21
maci,21
abort,21
aris,21
distract,21
honest,21
benjamin,21
dust,21
somewhat,21
vow,21
turmoil,21
wise,21
propaganda,21
refuge,21
jackson,21
gen,21
dec,21
palm,21
blind,21
philip,21
wrestl,21
bellevu,21
backlash,21
trap,21
madison,21
goodby,21
bluetooth,21
plateau,21
cleaner,21
chart,21
outrag,21
disembark,21
drill,21
ann,21
prof,21
toronto,21
creation,21
li,21
delawar,21
soul,21
iphon,21
roger,21
warren,21
ownership,21
deposit,21
prosper,21
perdu,21
collin,21
consecut,21
nhl,21
presum,21
carter,21
consortium,21
loos,21
smile,21
rippl,21
pakistan,21
dens,21
receptor,21
jbs,21
certifi,21
zuckerberg,21
farmwork,21
para,21
swan,21
breaker,21
schulman,21
garbuz,21
snowden,21
breakdown,20
maxim,20
mirror,20
invis,20
v,20
detain,20
script,20
cheer,20
uncomfort,20
holi,20
obstacl,20
dorm,20
bird,20
beer,20
ariz,20
vega,20
patch,20
amzn,20
reelect,20
symbol,20
joy,20
walt,20
overload,20
gregori,20
cushion,20
cafe,20
mammal,20
planet,20
terror,20
dispens,20
style,20
ought,20
netflix,20
bleach,20
self,20
row,20
branch,20
kati,20
muscl,20
warrant,20
up,20
swiss,20
jeffrey,20
carbon,20
spoken,20
incomplet,20
inaccur,20
upward,20
pompeo,20
marri,20
espn,20
poorer,20
upheav,20
renter,20
circuit,20
fiat,20
automot,20
seattlearea,20
roth,20
hp,20
celular,20
spous,20
wound,20
lni,20
percept,20
kennedi,20
spokesperson,20
wright,20
expedit,20
ppp,20
ring,20
abund,20
taught,20
farther,20
daegu,20
crop,20
rochest,20
sluiter,20
juggl,20
putin,20
oliv,20
absente,20
etf,20
moham,20
bright,19
sew,19
charl,19
unfair,19
honor,19
furnitur,19
trick,19
jean,19
sofa,19
atlanta,19
wood,19
rumor,19
profound,19
nativ,19
stamp,19
sing,19
upgrad,19
welfar,19
wisdom,19
henri,19
gari,19
contend,19
explos,19
unleash,19
wine,19
kiss,19
wis,19
ind,19
sc,19
jurisdict,19
boat,19
explicit,19
soft,19
pastor,19
uber,19
pride,19
accomplish,19
norwegian,19
downward,19
wilson,19
endang,19
disburs,19
yorkbas,19
cardiologist,19
claus,19
pant,19
deduct,19
salt,19
resurg,19
deter,19
clash,19
scholar,19
quest,19
clerk,19
banker,19
hondura,19
onslaught,19
yellow,19
bin,19
lengthi,19
susan,19
bake,19
onetim,19
unknow,19
matur,19
airbnb,19
snack,19
forum,19
staten,19
sarah,19
interfer,19
recip,19
fatigu,19
dictat,19
grim,19
onsit,19
strand,19
andi,19
kate,19
mode,19
cater,19
nih,19
custodi,19
plot,19
northeastern,19
patchwork,19
frighten,19
reus,19
hallway,19
scrub,19
anymor,19
notion,19
lawrenc,19
hardwar,19
roof,19
pioneer,19
virusrel,19
forth,19
scam,19
voyag,19
chrysler,19
polio,19
bestwsjcom,19
harperbusi,19
smooth,19
cleveland,19
rebecca,19
usag,19
wireless,19
sprawl,19
icon,19
distinguish,19
sizabl,19
longerterm,19
spiral,19
tree,19
reinfect,19
curfew,19
hometown,19
maimonid,19
compris,19
freedman,19
canyon,19
cashier,19
wheat,19
ivi,19
specimen,19
childhood,19
napl,19
sq,19
portal,19
kerri,19
missil,19
usopc,19
christoph,18
allison,18
iron,18
pot,18
scheme,18
fun,18
pasta,18
consolid,18
ope,18
substitut,18
aggreg,18
heed,18
nd,18
forest,18
stranger,18
skype,18
upset,18
dental,18
oh,18
burr,18
dilemma,18
can,18
hudson,18
inequ,18
apolog,18
assault,18
luck,18
midsiz,18
vision,18
iraq,18
phillip,18
caribbean,18
fled,18
aisl,18
guangzhou,18
jinp,18
xinhua,18
scrutini,18
asylum,18
bob,18
cognit,18
highschool,18
generous,18
suffolk,18
hesit,18
howard,18
azar,18
advisor,18
capitalist,18
closest,18
foreclosur,18
viabl,18
excit,18
veterinari,18
troop,18
azithromycin,18
precipit,18
occas,18
grandmoth,18
dean,18
disloc,18
su,18
fbi,18
meantim,18
mortgageback,18
liabil,18
milk,18
katz,18
drain,18
infant,18
float,18
winner,18
manual,18
molecul,18
netherland,18
reward,18
courag,18
diplomaci,18
bump,18
ambiti,18
bull,18
fold,18
faculti,18
boyfriend,18
backyard,18
precious,18
collegi,18
sponsor,18
q,18
michel,18
flower,18
meatpack,18
clariti,18
panick,18
thrive,18
puzzl,18
ultraorthodox,18
sky,18
forev,18
quantum,18
medit,18
elbow,18
nyse,18
steroid,18
epa,18
ft,18
massi,18
male,18
likud,18
pg,18
simon,17
highqual,17
chunk,17
fastest,17
rub,17
veget,17
privatesector,17
chosen,17
grandchildren,17
neil,17
bubbl,17
tentat,17
christma,17
wholesal,17
cabin,17
mysteri,17
cvs,17
disconnect,17
outreach,17
sidelin,17
booth,17
teleicu,17
sensor,17
orthodox,17
disagre,17
cup,17
ub,17
algorithm,17
feasibl,17
settlement,17
overtim,17
reshap,17
outsourc,17
coowner,17
stone,17
thirdparti,17
cigarett,17
distant,17
compass,17
hide,17
lifetim,17
render,17
temper,17
polish,17
gig,17
tune,17
inconclus,17
refineri,17
legitim,17
rear,17
overcrowd,17
emori,17
paralyz,17
hank,17
backstop,17
bail,17
beverag,17
conglomer,17
bargain,17
subsidiari,17
blog,17
unrel,17
unsaf,17
charter,17
motion,17
dip,17
patrol,17
shoot,17
tomorrow,17
rheumatoid,17
swept,17
unawar,17
relianc,17
bishop,17
bind,17
cape,17
palliat,17
accumul,17
wander,17
biotechnolog,17
virologist,17
nick,17
cuban,17
dent,17
willing,17
xerox,17
chose,17
reconsid,17
markit,17
caucus,17
incorpor,17
videoconferenc,17
partisan,17
raoult,17
hacker,17
adher,17
pois,17
tamar,17
questionnair,17
ireland,17
thrown,17
condemn,17
bottleneck,17
diversifi,17
zhang,17
fruit,17
northeast,17
pipelin,17
madrid,17
telecom,17
tempt,17
vail,17
javit,17
puerto,17
yale,17
outfit,17
missouri,17
curat,17
sole,17
barr,17
hog,17
fullyear,17
burial,17
practition,17
kingdom,17
detaine,17
riker,17
mÃ¡s,17
patel,17
drone,17
leg,17
mississippi,17
snap,17
laundri,17
krueger,17
sarker,17
deporte,17
tornado,17
pliego,17
ramadan,17
tilton,17
lt,17
humanitarian,16
goug,16
scratch,16
architect,16
couch,16
bedsid,16
deeper,16
angri,16
oppon,16
heroic,16
instinct,16
manifest,16
rail,16
resolut,16
disciplin,16
aerospac,16
speedi,16
percent,16
rob,16
macron,16
northwestern,16
ri,16
premis,16
sibl,16
envis,16
musician,16
historian,16
moon,16
threshold,16
aw,16
talent,16
prone,16
fulltim,16
tumbl,16
paramed,16
sheer,16
rage,16
fri,16
earmark,16
advers,16
yesterday,16
dutch,16
fault,16
manuel,16
withdrew,16
meaning,16
mileston,16
diego,16
quicker,16
leak,16
marin,16
icahn,16
occident,16
peru,16
jose,16
plate,16
deadliest,16
mediums,16
doug,16
sam,16
mgm,16
willard,16
unlimit,16
raft,16
array,16
baltimor,16
kroger,16
shortfal,16
arsenal,16
distort,16
countless,16
evan,16
broadway,16
chad,16
swimmer,16
proactiv,16
gestur,16
sara,16
countermeasur,16
kenneth,16
discret,16
consent,16
vanish,16
ferguson,16
decisionmak,16
mathemat,16
briton,16
interven,16
grace,16
louisvill,16
dub,16
alik,16
lobbyist,16
multipli,16
teresa,16
northwest,16
tea,16
altogeth,16
hoard,16
lucrat,16
reput,16
refriger,16
bacteria,16
jimmi,16
inflammatori,16
spell,16
rio,16
precovid,16
bandanna,16
osha,16
overhaul,16
downsid,16
hip,16
cool,16
mit,16
refrain,16
divorc,16
credenti,16
dropoff,16
friendship,16
unproven,16
sexual,16
undetect,16
replenish,16
variat,16
revolutionari,16
walgreen,16
russel,16
pneumonialik,16
antonio,16
baselin,16
cyber,16
downstat,16
huddl,16
cemeteri,16
behav,16
josh,16
lifethreaten,16
improvis,16
kindergarten,16
ranch,16
crenshaw,16
lisa,16
bondhold,16
nasdaq,16
debut,16
liza,16
medicaldevic,16
salvador,16
wifi,16
inactiv,16
jaimo,16
aca,16
cpac,16
tabb,16
realtim,15
nebraska,15
gun,15
prolifer,15
excus,15
cabl,15
liquor,15
overlook,15
interst,15
deplet,15
prize,15
scarciti,15
unload,15
flip,15
breach,15
unlock,15
variabl,15
elector,15
forget,15
trauma,15
pushback,15
stricter,15
knock,15
shoulder,15
bernstein,15
ark,15
breast,15
bartend,15
meyer,15
nbc,15
oldest,15
ear,15
dot,15
scanner,15
discard,15
jacob,15
egypt,15
bust,15
reinforc,15
bleed,15
hell,15
suburban,15
laura,15
airbus,15
expenditur,15
dealt,15
antigen,15
clue,15
standstil,15
corrupt,15
outstand,15
brake,15
sink,15
glucos,15
geopolit,15
disagr,15
scandal,15
unprepar,15
venezuelan,15
disturb,15
jack,15
buri,15
stimul,15
judici,15
nearterm,15
atlant,15
repaid,15
venic,15
insul,15
persuad,15
juul,15
rollout,15
manner,15
spin,15
polar,15
primarycar,15
holder,15
nike,15
lancet,15
bone,15
shinzo,15
inflict,15
rattl,15
marc,15
conscious,15
contempl,15
inpati,15
garag,15
sheriff,15
cholera,15
steer,15
levin,15
kevzara,15
oversight,15
fuller,15
churn,15
deceas,15
rethink,15
sail,15
allen,15
ih,15
flurri,15
fremont,15
muslim,15
nod,15
keen,15
parallel,15
ineffect,15
neutral,15
centr,15
philosoph,15
cue,15
clara,15
elabor,15
librari,15
undercount,15
toler,15
mitchel,15
sneaker,15
daycar,15
counterpart,15
stoke,15
rico,15
moratorium,15
nassau,15
acr,15
albert,15
pulmonari,15
ace,15
puppi,15
deepen,15
gottlieb,15
gulf,15
guilti,15
tyler,15
klein,15
straightforward,15
hoodi,15
ibuy,15
helpless,15
giovanni,15
acosta,15
formula,15
powel,15
neck,15
moistur,15
grandfath,15
szabo,15
pritzker,15
hackathon,15
longstand,15
prine,15
zohar,15
taiwanes,15
sockwel,15
conveni,14
resel,14
workstat,14
robin,14
forbid,14
constraint,14
deliber,14
spiritu,14
earthquak,14
ala,14
prevail,14
attitud,14
classifi,14
fought,14
sandi,14
tire,14
outperform,14
nh,14
mont,14
okla,14
playground,14
ubiquit,14
pronounc,14
walkout,14
jare,14
certainti,14
emili,14
wellknown,14
puls,14
nightmar,14
bold,14
swell,14
freddi,14
columnist,14
laidoff,14
pleasur,14
grill,14
batch,14
fitch,14
tragedi,14
merger,14
headach,14
violent,14
colombia,14
stir,14
besid,14
underestim,14
gray,14
machineri,14
att,14
billi,14
batter,14
alberto,14
abc,14
assay,14
fisher,14
hahn,14
xray,14
stark,14
healthinsur,14
fierc,14
neurolog,14
soil,14
frequenc,14
cbp,14
offens,14
autoimmun,14
anecdot,14
input,14
shadow,14
silenc,14
marathon,14
tropic,14
mice,14
restock,14
atrisk,14
vozzo,14
broadcom,14
momentum,14
foodfirst,14
influenti,14
lunar,14
newborn,14
huawei,14
passion,14
sherman,14
presumpt,14
mislead,14
champion,14
prep,14
wore,14
meadow,14
upsid,14
merch,14
campbel,14
preexist,14
duke,14
golden,14
peril,14
invad,14
reloc,14
entitl,14
planner,14
transfus,14
medium,14
composit,14
relentless,14
diarrhea,14
cruz,14
measl,14
spi,14
violenc,14
curious,14
bloomberg,14
instructor,14
nerv,14
denver,14
myer,14
opec,14
alvin,14
girlfriend,14
pohl,14
roommat,14
album,14
golf,14
paqueo,14
ghost,14
guatemalan,14
contrari,14
indict,14
lynch,14
allman,14
bureaucrat,14
bdcs,14
semmelwei,14
talf,14
robb,14
dig,13
scatter,13
m,13
shave,13
woke,13
rain,13
ladi,13
inch,13
smallpox,13
prudent,13
withhold,13
catsimatidi,13
irrespons,13
chapel,13
livestream,13
sophist,13
somehow,13
labour,13
khan,13
shorter,13
dispers,13
bullet,13
henderson,13
registr,13
lifestyl,13
offend,13
basement,13
ab,13
lodg,13
tale,13
whitecollar,13
commentari,13
griev,13
cremat,13
grab,13
fingerprint,13
shall,13
flee,13
afflict,13
adventur,13
moreov,13
balloon,13
incumb,13
bias,13
mid,13
e,13
schaffner,13
retriev,13
soup,13
earner,13
turkey,13
literatur,13
surreal,13
pat,13
chile,13
hemispher,13
edict,13
chaotic,13
doorknob,13
carl,13
esper,13
gilday,13
helicopt,13
spencer,13
lp,13
bruce,13
argentina,13
maduro,13
unpopular,13
footag,13
relay,13
toddler,13
dougla,13
noncovid,13
walker,13
restrain,13
silent,13
sensibl,13
ted,13
smoker,13
lieu,13
cloudcomput,13
stanc,13
induc,13
portabl,13
alan,13
charact,13
shame,13
recognit,13
ken,13
gambl,13
creatur,13
cramp,13
antisemit,13
workday,13
provok,13
don,13
paralymp,13
teleconfer,13
reiter,13
swamp,13
steril,13
deutsch,13
hint,13
flagship,13
defect,13
vigor,13
jerom,13
rip,13
jeremi,13
fate,13
medtron,13
paho,13
batteri,13
trash,13
swine,13
reel,13
align,13
boj,13
leeway,13
forgiven,13
frantic,13
impass,13
ir,13
portray,13
legislatur,13
greet,13
semiconductor,13
amgen,13
immunolog,13
pc,13
messeng,13
provinci,13
leonard,13
endow,13
threequart,13
havoc,13
troll,13
knee,13
redirect,13
brexit,13
dive,13
plug,13
apex,13
acutecar,13
halfdozen,13
trajectori,13
forese,13
likewis,13
highprofil,13
warrior,13
legaci,13
springfield,13
boot,13
dump,13
appetit,13
specialti,13
acid,13
fade,13
denni,13
conjunct,13
barri,13
strive,13
conven,13
landscap,13
carlo,13
hassan,13
erect,13
beneficiari,13
incarcer,13
brescia,13
ecuador,13
hack,13
atmospher,13
threeyear,13
fraudul,13
nevada,13
guayaquil,13
molecular,13
cardboard,13
scarf,13
nonmed,13
cling,13
gobert,13
busiest,13
segal,13
dentist,13
walter,13
por,13
solo,13
han,13
bleak,13
wagner,13
shine,13
empathi,13
dirt,13
ihm,13
arc,13
condren,13
ecb,13
shakibafar,13
dioxid,13
sachson,13
buffett,13
newark,13
rite,13
crave,13
albright,13
grupo,13
iftar,13
nypd,13
chandler,13
flare,12
ronald,12
singleday,12
joan,12
inclin,12
trim,12
specifi,12
drugstor,12
eateri,12
greec,12
monument,12
cori,12
viewer,12
enthusiast,12
inabl,12
starmer,12
rein,12
suicid,12
skier,12
fame,12
feverish,12
brush,12
fiction,12
jerri,12
seed,12
pure,12
humor,12
wva,12
kan,12
nm,12
wildlif,12
coastal,12
alien,12
gil,12
realist,12
botch,12
mourn,12
jr,12
rev,12
ferri,12
pad,12
lowcost,12
passag,12
ancient,12
orlando,12
wherev,12
tendenc,12
cheaper,12
fanni,12
directorgener,12
ghebreyesus,12
strassel,12
seeker,12
informationtechnolog,12
beg,12
pollut,12
useless,12
homebound,12
outweigh,12
steam,12
andrÃ©,12
glimps,12
foster,12
arab,12
erod,12
flaw,12
fascin,12
inexpens,12
rig,12
turnout,12
deferr,12
revolv,12
reagan,12
weaker,12
poorest,12
flash,12
sooth,12
plausibl,12
probe,12
codog,12
cocacola,12
suiss,12
hunter,12
membership,12
unwind,12
harass,12
cos,12
covidrel,12
satellit,12
haul,12
decent,12
miracl,12
setback,12
substanc,12
warera,12
microbiolog,12
galston,12
patienc,12
nevertheless,12
comedi,12
oilpric,12
jihadist,12
colyer,12
regimen,12
setup,12
eli,12
sacrament,12
maria,12
evapor,12
brokerag,12
chatham,12
lauren,12
newyorkpresbyterian,12
quota,12
et,12
hancock,12
impair,12
pepper,12
moor,12
businessman,12
bureaucraci,12
cbs,12
citigroup,12
podeschi,12
gratitud,12
classmat,12
outright,12
romney,12
genuin,12
npr,12
wreak,12
belov,12
overflow,12
lawn,12
profil,12
spearhead,12
pit,12
gentl,12
sÃ£o,12
paulo,12
feinstein,12
andrea,12
shah,12
sweet,12
handshak,12
clarifi,12
schroder,12
amaz,12
coincid,12
phd,12
clearanc,12
sanitari,12
ipad,12
shorten,12
goggl,12
liao,12
dawn,12
stomach,12
facemask,12
withstand,12
majeur,12
inhous,12
tick,12
kremlin,12
hoyer,12
klobuchar,12
mcadam,12
walsh,12
credibl,12
jha,12
caller,12
juri,12
twist,12
hammer,12
lyric,12
rebuild,12
youngest,12
bunch,12
simul,12
callcent,12
approx,12
gust,12
pier,12
punch,12
lectur,12
customerservic,12
wet,12
es,12
una,12
moscow,12
hedgefund,12
boil,12
mailin,12
kroneman,12
depth,12
csse,12
lans,12
cilesi,12
delight,12
obes,12
encompass,12
evergreenhealth,12
vein,12
wheatley,12
knesset,12
hidden,12
favipiravir,12
outofpocket,12
pyongyang,12
godg,12
nygren,12
syndergaard,12
tsa,12
prigozhin,12
judi,11
orang,11
honeywel,11
medicalequip,11
satisfi,11
resent,11
workspac,11
tray,11
jessica,11
shelf,11
discretionari,11
freed,11
tailor,11
reckon,11
checkout,11
regal,11
luke,11
pew,11
abid,11
stockholm,11
fastmov,11
ideolog,11
worrisom,11
virtu,11
therebi,11
lauderdal,11
nbs,11
wilder,11
chalk,11
leap,11
revel,11
millenni,11
cocktail,11
pretend,11
vt,11
wyo,11
neb,11
outofst,11
melissa,11
apiec,11
satur,11
spree,11
comedian,11
merci,11
secondhighest,11
handrail,11
montana,11
forgo,11
overrid,11
templ,11
horror,11
internship,11
extern,11
mae,11
regain,11
karl,11
qa,11
misstep,11
telecommun,11
cincinnati,11
renegoti,11
passport,11
nationalist,11
heather,11
giusepp,11
schlotthauer,11
stun,11
downgrad,11
usher,11
soften,11
pemex,11
implicit,11
steadili,11
accid,11
lindsay,11
anderson,11
impeach,11
brutal,11
congressman,11
summon,11
flown,11
scream,11
afghanistan,11
lebanon,11
succumb,11
dementia,11
mentalhealth,11
descend,11
bitter,11
disastr,11
cake,11
frail,11
dread,11
blanket,11
portug,11
reliant,11
onequart,11
switzerland,11
baird,11
quadrupl,11
scrap,11
broaden,11
duplic,11
reactiv,11
latch,11
vshape,11
rehabilit,11
horribl,11
civet,11
uncheck,11
upcom,11
nikkei,11
az,11
ct,11
taxi,11
lilli,11
proof,11
immin,11
glenn,11
windsor,11
sean,11
samuel,11
fasttrack,11
faulti,11
dial,11
forg,11
cnbc,11
ottawa,11
peninsula,11
character,11
wane,11
toyota,11
midday,11
biomed,11
lori,11
reorgan,11
brent,11
mitt,11
playbook,11
queri,11
mehrotra,11
ed,11
authorit,11
factcheck,11
mandetta,11
terri,11
loeffler,11
button,11
bradley,11
applianc,11
sped,11
anchor,11
grocerystor,11
correspond,11
togo,11
laker,11
overlap,11
oakland,11
wang,11
asianamerican,11
hungri,11
wax,11
macau,11
sphere,11
depriv,11
pullback,11
secondari,11
shenzhen,11
coal,11
khamenei,11
buildup,11
grid,11
inquir,11
brave,11
prosecut,11
brad,11
registri,11
encrypt,11
shell,11
housekeep,11
lowrisk,11
narasimhan,11
grip,11
irv,11
narendra,11
corps,11
derail,11
hospic,11
mate,11
lipsitch,11
oral,11
vip,11
gaetz,11
glencor,11
cafeteria,11
quorum,11
breakthrough,11
cargil,11
fred,11
communal,11
oct,11
hartford,11
sock,11
na,11
razafindranazi,11
gender,11
tel,11
aviv,11
iv,11
pangolin,11
scroll,11
amateur,11
generic,11
fantasi,11
alcoholbas,11
persona,11
forma,11
enfermedad,11
opioid,11
dwave,11
reynold,11
clayton,11
math,11
weird,11
verg,11
freelanc,11
benson,11
hotspot,11
caveat,11
laguardia,11
bender,11
factual,11
patterson,11
glaxo,11
threeday,11
amen,11
somerset,11
kuritzk,11
coat,11
anesthesiologist,11
fargo,11
veeni,11
mosqu,11
avigan,11
sealong,11
audio,11
mcclatchi,11
occ,11
panthera,11
neutz,11
retali,10
absurd,10
wfh,10
foremost,10
decor,10
makeup,10
schÃ¶ssler,10
chef,10
restraint,10
introduct,10
statut,10
ensu,10
stack,10
purs,10
franklin,10
resurrect,10
shuttl,10
rocki,10
teeth,10
lemon,10
runner,10
hoosier,10
youth,10
princeton,10
bench,10
barcelona,10
compulsori,10
casino,10
psychiatrist,10
reminisc,10
delet,10
shade,10
sum,10
singer,10
tsunami,10
traumat,10
connor,10
barbara,10
ray,10
restroom,10
tapemark,10
verif,10
lent,10
jerusalem,10
pilgrim,10
concret,10
disneyland,10
todd,10
grasp,10
valv,10
kimberley,10
rove,10
par,10
timothi,10
do,10
sequest,10
lifelin,10
bakeri,10
sandwich,10
burger,10
roster,10
menu,10
hinder,10
humantohuman,10
mario,10
accustom,10
hostil,10
tack,10
airlift,10
bryan,10
petti,10
lesser,10
uptod,10
kenya,10
zhao,10
inclus,10
vocal,10
amanda,10
codogno,10
spotlight,10
casebycas,10
vatican,10
problemat,10
verizon,10
highend,10
cosmet,10
lvmh,10
uneven,10
albeit,10
uncl,10
fastspread,10
richmond,10
fahrenheit,10
unrest,10
hampshir,10
uc,10
weaver,10
roadblock,10
unsur,10
creditcard,10
wherea,10
over,10
ross,10
retool,10
anna,10
instor,10
reckless,10
repatri,10
nearest,10
turkish,10
cellular,10
humanresourc,10
cathedr,10
consol,10
georgetown,10
blomkaln,10
chairwoman,10
snow,10
elon,10
retweet,10
dioces,10
merchant,10
memphi,10
grind,10
barack,10
reassess,10
livestock,10
kaletra,10
lion,10
maritim,10
gerald,10
ammunit,10
interv,10
wire,10
auton,10
schwartz,10
gordon,10
timet,10
dilig,10
lastminut,10
astria,10
convey,10
ratchet,10
mute,10
remaind,10
danish,10
chronicl,10
pin,10
merg,10
solicit,10
backer,10
chemotherapi,10
emphasi,10
compact,10
paperwork,10
gartner,10
bite,10
tens,10
deadlier,10
rightw,10
showcas,10
deck,10
characterist,10
dov,10
lessen,10
belt,10
saliva,10
rubber,10
salesperson,10
allstat,10
colleen,10
orthoped,10
squarefoot,10
socialist,10
seafood,10
implor,10
vs,10
safest,10
midapril,10
abnorm,10
reconstruct,10
memorandum,10
cameron,10
railroad,10
watson,10
portrait,10
baron,10
horsesho,10
ambit,10
alessandro,10
uschina,10
forbidden,10
bath,10
sober,10
investmentgrad,10
rd,10
indepth,10
unanim,10
cohort,10
gretchen,10
rouhani,10
rand,10
gardner,10
diazbalart,10
skyrocket,10
sicker,10
sunlight,10
fiancÃ©,10
scammer,10
verma,10
insulin,10
phish,10
cyberattack,10
reed,10
murder,10
matern,10
tuberculosi,10
stein,10
montgomeri,10
poultri,10
rask,10
delhi,10
zuzga,10
jewelri,10
bug,10
redfin,10
newsguard,10
martinez,10
longtermcar,10
wilki,10
tommi,10
forgotten,10
freshman,10
midmay,10
papa,10
charli,10
vomit,10
pediatrician,10
augustin,10
jb,10
cooki,10
veneto,10
discriminatori,10
durant,10
addict,10
methadon,10
funni,10
donovan,10
qaeda,10
salman,10
craftwork,10
maze,10
dentsu,10
blintwelsh,10
wooden,10
worn,10
krishna,10
linkedin,10
hello,10
arkansa,10
cunningham,10
maneuv,10
tylenol,10
reemerg,10
android,10
lewi,10
ned,10
lamont,10
airtraff,10
homemad,10
maralago,10
klippen,10
intellectu,10
retzler,10
shin,10
ambulatori,10
aksia,10
paidleav,10
coathup,10
ucsf,10
teaneck,10
gymbore,10
zwirner,10
inadvert,10
saint,10
runway,10
vacuum,10
nfl,10
reno,10
vest,10
cartridg,10
calabasa,10
reproduct,10
dorsey,10
ww,9
contemporari,9
drip,9
ampl,9
dear,9
bizarr,9
sermon,9
communion,9
drivein,9
horn,9
birmingham,9
commemor,9
calam,9
intrus,9
empow,9
standpoint,9
stephani,9
weeklong,9
funk,9
silli,9
belgium,9
emmanuel,9
alexandria,9
ocasiocortez,9
nicknam,9
thunder,9
sake,9
recoup,9
hazmat,9
pole,9
kushner,9
sixth,9
portland,9
pink,9
bomb,9
buffer,9
redeploy,9
slot,9
exodus,9
correl,9
securit,9
viabil,9
dubious,9
replay,9
indemand,9
moodi,9
grubhub,9
potato,9
chees,9
awkward,9
falter,9
counterproduct,9
irrelev,9
midjanuari,9
pursuit,9
wildfir,9
essay,9
lane,9
jar,9
merit,9
insolv,9
handout,9
tender,9
nutrit,9
ridg,9
ugandan,9
hivaid,9
castro,9
suspicion,9
honey,9
jess,9
issuanc,9
reinstat,9
unwil,9
slice,9
vuitton,9
concess,9
tracker,9
parker,9
ecigarett,9
lexington,9
seattlebas,9
akin,9
gasp,9
hotlin,9
justintim,9
dissolv,9
necessarili,9
patholog,9
butter,9
granddaught,9
marcus,9
eleven,9
snake,9
seizur,9
tiger,9
casual,9
goldstein,9
videogam,9
threw,9
diy,9
zion,9
avian,9
jair,9
zpak,9
placebo,9
intraven,9
caitlin,9
envelop,9
qualif,9
strongest,9
breed,9
erad,9
unseen,9
spontan,9
carr,9
taskforc,9
governmentmand,9
pan,9
minneapoli,9
cascad,9
penn,9
realworld,9
realloc,9
overdos,9
mingl,9
cuba,9
wale,9
latex,9
midwest,9
medicalgrad,9
har,9
glad,9
eugen,9
casualti,9
we,9
minus,9
intact,9
bidder,9
twenti,9
phenomenon,9
utter,9
startl,9
plantbas,9
jon,9
opera,9
fertil,9
curtain,9
equat,9
cambridg,9
successor,9
chicagobas,9
janeiro,9
hamilton,9
irish,9
ridicul,9
exxon,9
parcel,9
checklist,9
kristin,9
stayhom,9
tougher,9
tighter,9
persichilli,9
seton,9
albertson,9
adversari,9
crater,9
burst,9
depict,9
helen,9
prop,9
hart,9
lo,9
locker,9
roy,9
methodolog,9
ontario,9
shook,9
immunocompromis,9
authent,9
stuart,9
driller,9
bang,9
obscur,9
jane,9
heath,9
wendi,9
lure,9
chen,9
coffin,9
nelson,9
vladimir,9
propon,9
denounc,9
sharpest,9
simpler,9
franciscobas,9
underst,9
brink,9
marco,9
bloom,9
hawk,9
bend,9
marsh,9
ian,9
cousin,9
austrian,9
lynam,9
bel,9
servant,9
adhanom,9
dick,9
dinein,9
unavoid,9
calver,9
you,9
liken,9
obsess,9
fanci,9
pill,9
aarp,9
hustl,9
dormant,9
discrep,9
abstract,9
followup,9
zucker,9
congo,9
motorcycl,9
tab,9
mattress,9
wework,9
venturecapit,9
ipo,9
sonder,9
firstlin,9
reza,9
slum,9
exhal,9
bustl,9
porch,9
jansdott,9
keller,9
hangout,9
hormon,9
lull,9
thailand,9
bean,9
veterinarian,9
berkeley,9
teammat,9
devis,9
jama,9
bartlett,9
poison,9
graphic,9
brigham,9
altruism,9
socioeconom,9
perish,9
leather,9
rope,9
mentor,9
pued,9
sÃ­ntoma,9
otro,9
ecdc,9
harsh,9
coburn,9
unsecur,9
outpac,9
hybrid,9
gamechang,9
aegi,9
tuft,9
preschool,9
muchneed,9
raid,9
disadvantag,9
concierg,9
penicillin,9
password,9
pantri,9
bluechip,9
ironi,9
companion,9
penguin,9
ottoman,9
corridor,9
ferrari,9
tributo,9
aspir,9
exhusband,9
cardiolog,9
tencent,9
clap,9
berkshir,9
inelig,9
hertz,9
nielsen,9
brooklynqueen,9
expressway,9
sank,9
gemston,9
trait,9
selfinterest,9
dermatologist,9
overthecount,9
cavali,9
adida,9
sheridan,9
rivlin,9
zaandam,9
sovereign,9
welch,9
elementari,9
ng,9
wajngarten,9
stipul,9
figoten,9
leahi,9
nsa,9
taipei,9
tsai,9
hardingjon,9
zelenko,9
reusabl,8
augment,8
medicalsuppli,8
stoppag,8
pharma,8
pallet,8
instant,8
etsi,8
visual,8
salad,8
precari,8
treasur,8
possess,8
loyal,8
seldom,8
harlem,8
flourish,8
bibl,8
baptist,8
samaritan,8
rebuk,8
impuls,8
snowboard,8
aspen,8
ounc,8
dale,8
hashtag,8
loud,8
bewar,8
rubio,8
stockmarket,8
campground,8
curbsid,8
texan,8
massag,8
ebay,8
milwauke,8
rack,8
hilton,8
spook,8
seth,8
indulg,8
denomin,8
kessler,8
ko,8
storefront,8
microphon,8
hasten,8
oximet,8
tranch,8
dilut,8
lessor,8
ryanair,8
recit,8
spill,8
revolut,8
healthier,8
ineffici,8
creditworthi,8
toxic,8
assetback,8
governmentrun,8
gigot,8
harf,8
electionclick,8
dwarf,8
ziprecruit,8
cyclic,8
airfar,8
mess,8
void,8
architectur,8
courier,8
iceberg,8
garbag,8
boundari,8
checkin,8
ivo,8
glut,8
keyboard,8
da,8
nang,8
impend,8
turbul,8
buzz,8
nigeria,8
textil,8
craig,8
milder,8
heartland,8
tonic,8
underperform,8
rebook,8
decim,8
standalon,8
testifi,8
casi,8
antitrust,8
wmt,8
stuf,8
immens,8
highway,8
gao,8
redfield,8
thread,8
mucus,8
dayton,8
indiscrimin,8
overrun,8
cityst,8
margaret,8
ruin,8
sportutil,8
fifteen,8
incentiv,8
nonpartisan,8
spars,8
tricki,8
hardlin,8
bilater,8
yen,8
doom,8
gps,8
cardin,8
alto,8
constrain,8
âi,8
omnicom,8
confess,8
homeschool,8
thcenturi,8
renov,8
carol,8
vent,8
imperfect,8
nonresid,8
kudlow,8
"said', ""we'r"", 'go",8
unrealist,8
overtak,8
digest,8
leadingag,8
costa,8
rubi,8
blast,8
unnecessarili,8
fixtur,8
cannabi,8
christin,8
ralph,8
northam,8
insan,8
horrif,8
dual,8
exchangetrad,8
oneyear,8
hollywood,8
unreason,8
kay,8
streamlin,8
webster,8
jennif,8
califbas,8
overst,8
inact,8
vir,8
harvest,8
stare,8
melinda,8
wimbledon,8
oak,8
decod,8
cynk,8
killer,8
angl,8
durabl,8
intim,8
jetlin,8
fighter,8
sunak,8
reconcil,8
shrank,8
sunni,8
indirect,8
scant,8
nanni,8
hackensack,8
hindsight,8
kipl,8
vw,8
carpool,8
flush,8
remotework,8
angus,8
mistaken,8
swung,8
twohour,8
disapprov,8
mason,8
jam,8
pen,8
porter,8
rehir,8
outing,8
vanessa,8
uncontrol,8
radiat,8
immunosuppress,8
trepp,8
trickl,8
buck,8
nest,8
bee,8
intrins,8
literari,8
malici,8
forestal,8
precrisi,8
fb,8
morgu,8
pare,8
soe,8
twoyear,8
washingtonbas,8
helper,8
antiretrovir,8
jinyintan,8
digniti,8
outstrip,8
cochair,8
rhythm,8
benefici,8
heel,8
stumbl,8
clampdown,8
doorstep,8
overact,8
bloodstream,8
krauss,8
buoy,8
em,8
enthusiasm,8
rachel,8
joel,8
overstretch,8
pinch,8
bergen,8
nonurg,8
protract,8
wilmington,8
kent,8
stat,8
abernethi,8
hardi,8
gynecologist,8
peerreview,8
calibr,8
childcar,8
cassidi,8
businessinterrupt,8
this,8
venta,8
kant,8
l,8
antarctica,8
threeweek,8
sue,8
psychiatri,8
irrit,8
descent,8
charlott,8
colbi,8
retest,8
coma,8
woe,8
broadband,8
referr,8
dole,8
nonhealthcar,8
mover,8
waitress,8
holland,8
existenti,8
incur,8
pig,8
costco,8
dissemin,8
zillow,8
bow,8
sprint,8
hiatus,8
seniorh,8
diner,8
how,8
humanright,8
compress,8
stewart,8
laps,8
suffic,8
gent,8
pero,8
scholarship,8
pcr,8
tenur,8
exagger,8
ancestor,8
headset,8
janin,8
mccorvey,8
juic,8
unsettl,8
selfemploy,8
imprison,8
condo,8
laurenc,8
quantit,8
refil,8
foam,8
ira,8
malhotra,8
nonbank,8
repo,8
loftus,8
shortrang,8
despair,8
midpoint,8
vespignani,8
rocket,8
cordon,8
habsburg,8
analys,8
cashflow,8
gaynor,8
tweak,8
continent,8
raleigh,8
gabor,8
vector,8
descript,8
gula,8
appointe,8
legend,8
uphil,8
bypass,8
verili,8
peacock,8
stigmat,8
prototyp,8
rhoad,8
disgust,8
macrophag,8
fibrin,8
bendavid,8
bloodpressur,8
kaplan,8
darker,8
guitar,8
bhattacharya,8
bubon,8
sand,8
labcorp,8
cepheid,8
schoolwork,8
grove,8
kuala,8
lumpur,8
bali,8
painter,8
payot,8
clip,8
sheep,8
cream,8
crow,8
niaid,8
ari,8
orbÃ¡n,8
improp,8
coâ,8
blender,8
takeda,8
directori,8
clearer,8
gymnast,8
berri,8
midwestern,8
info,8
franchise,8
azteca,8
poetri,8
andov,8
usn,8
basin,8
lubbock,8
adler,8
civilright,8
payton,8
subunit,8
altman,8
fomo,8
sprayer,8
nonhispan,8
sixtyish,8
unchart,7
mmm,7
phoenix,7
lloyd,7
decontamin,7
vintag,7
notch,7
basket,7
tuck,7
marvel,7
shepherd,7
julia,7
endeavor,7
lysol,7
mundan,7
eaten,7
greek,7
undergradu,7
ukbas,7
depreci,7
mediat,7
gospel,7
hail,7
readili,7
backfir,7
henc,7
regret,7
nuclearpow,7
offlin,7
mcvay,7
indianapoli,7
mob,7
baseless,7
firefight,7
ucla,7
selfish,7
hefti,7
outsiz,7
motel,7
picnic,7
pierc,7
nightclub,7
fana,7
covidposit,7
merchandis,7
com,7
scoop,7
marriott,7
clamor,7
soviet,7
alzheim,7
chaplain,7
darken,7
slogan,7
mose,7
reson,7
cattl,7
contributor,7
ink,7
stave,7
lehman,7
politic,7
sacrif,7
receipt,7
plumb,7
reconfigur,7
doordash,7
barber,7
stew,7
josÃ©,7
hobbl,7
inocul,7
muster,7
nato,7
emir,7
beleagu,7
hatch,7
anguish,7
grievanc,7
gut,7
the,7
racist,7
meltdown,7
sausag,7
amlo,7
friction,7
englishspeak,7
drown,7
surplus,7
upstream,7
junk,7
refug,7
vietnames,7
beset,7
outcri,7
diverg,7
dissip,7
abound,7
undercut,7
dictatorship,7
antiinflammatori,7
guangdong,7
contradict,7
unauthor,7
bangladesh,7
syria,7
windpip,7
camel,7
virushit,7
anytim,7
brussel,7
highspe,7
dutyfre,7
limbo,7
offshor,7
housebound,7
lotteri,7
gifford,7
mindset,7
vape,7
reprimand,7
fooddeliveri,7
geographi,7
unavail,7
shelfstabl,7
galvan,7
frenzi,7
wrought,7
facto,7
cervantesth,7
purifi,7
nois,7
gay,7
avert,7
morocco,7
alison,7
lufthansa,7
desert,7
lima,7
exot,7
corey,7
repriev,7
rodriguez,7
hearten,7
unaccompani,7
pedestrian,7
groom,7
vitro,7
heartbeat,7
deer,7
citywid,7
government,7
decentr,7
raven,7
drs,7
undoubt,7
wren,7
spoon,7
stoni,7
affluent,7
cod,7
embed,7
persian,7
pave,7
blizzard,7
tag,7
brew,7
widerang,7
jefferi,7
recur,7
riot,7
tucker,7
destabil,7
havana,7
boast,7
intermediari,7
superintend,7
mock,7
ingenu,7
bomber,7
highvolum,7
honda,7
thirti,7
joshua,7
wayn,7
rid,7
warfar,7
watchdog,7
onemonth,7
fixedincom,7
yakima,7
nuanc,7
slept,7
selfimpos,7
lam,7
starter,7
rosi,7
ymtc,7
usbas,7
wow,7
fret,7
genius,7
recombin,7
angelesbas,7
formul,7
delug,7
cultiv,7
orchestra,7
retrofit,7
drama,7
falsehood,7
reddit,7
shiva,7
manipul,7
armstrong,7
abcellera,7
marker,7
londonbas,7
unorthodox,7
backdrop,7
geoloc,7
philosophi,7
weinberg,7
yard,7
supplysid,7
inhabit,7
courtney,7
afterhour,7
tan,7
closeddoor,7
inhof,7
sanderson,7
ail,7
patriot,7
coin,7
coke,7
forefront,7
hygienist,7
deepclean,7
urin,7
forrest,7
judith,7
awash,7
spreadsheet,7
repetit,7
seniorcar,7
glitch,7
dotcom,7
cobbl,7
societ,7
underlin,7
deepest,7
tamp,7
postur,7
pamela,7
tampa,7
complac,7
blackston,7
predomin,7
communitybas,7
randi,7
aggrav,7
exert,7
amass,7
yunnan,7
noninfecti,7
froze,7
resumpt,7
quo,7
indebt,7
peterson,7
persontoperson,7
autonomi,7
enzym,7
bacteri,7
willi,7
soda,7
diet,7
telltal,7
jansen,7
slid,7
steni,7
notwithstand,7
taxat,7
miguel,7
nuzzo,7
feud,7
cornerston,7
sickleav,7
tlaib,7
jog,7
forcemajeur,7
spectrum,7
siren,7
kerala,7
workaround,7
chocol,7
rosa,7
grandma,7
hors,7
palliativecar,7
seema,7
levi,7
resuscit,7
len,7
lowwag,7
brennan,7
bulletin,7
scotland,7
nationalsecur,7
pretrial,7
amc,7
heartbreak,7
obstetr,7
gynecolog,7
gosar,7
mediterranean,7
culp,7
falloff,7
arctic,7
qatar,7
nichola,7
catherin,7
beth,7
mitzvah,7
oneweek,7
kosher,7
elli,7
selfi,7
scrutin,7
thermal,7
beaten,7
pakistani,7
explod,7
avalanch,7
mourner,7
statutori,7
unwit,7
dialysi,7
boomer,7
abraham,7
hobbi,7
knit,7
surf,7
dysfunct,7
superspread,7
infectioncontrol,7
lander,7
avolon,7
rupe,7
sharon,7
monthold,7
oncampus,7
jumpstart,7
simmon,7
impoverish,7
clot,7
caviti,7
gupta,7
daunt,7
arteri,7
codi,7
waiter,7
dairi,7
streak,7
punit,7
clorox,7
selfdescrib,7
snapshot,7
fassmann,7
wearer,7
streetwear,7
telecommut,7
beaumont,7
biologist,7
trailer,7
werner,7
koutsoudaki,7
matuson,7
rezza,7
inconsist,7
preoccupi,7
chlorin,7
tus,7
estado,7
si,7
mano,7
riesgo,7
sox,7
etc,7
ukrain,7
organiz,7
beard,7
leb,7
diaper,7
quantumcomput,7
laud,7
pete,7
michell,7
sugar,7
drummer,7
soak,7
anniversari,7
uplift,7
miseri,7
upbeat,7
royalti,7
pessimist,7
wyden,7
garcia,7
skirt,7
cpap,7
eeri,7
scour,7
diffus,7
streicher,7
balm,7
seng,7
incompet,7
shincheonji,7
be,7
solvenc,7
emergingmarket,7
parliamentari,7
ebb,7
excerpt,7
hillari,7
magnet,7
rosen,7
inconveni,7
magid,7
bowser,7
handset,7
lg,7
semblanc,7
kanner,7
callahan,7
overrul,7
megan,7
roku,7
ard,7
bestsel,7
testament,7
rebalanc,7
shout,7
chineseamerican,7
hathaway,7
aha,7
ethnic,7
uninterrupt,7
pollack,7
uw,7
rollcal,7
chelsea,7
leon,7
airspac,7
cartel,7
templat,7
outag,7
manuela,7
dodger,7
dirti,7
deluca,7
rheumatolog,7
kavanaugh,7
tripcom,7
hugo,7
manzoni,7
maskwear,7
upstair,7
gostin,7
interpol,7
keeper,7
dynata,7
benni,7
fujifilm,7
mic,7
nguyen,7
perinat,7
ramif,7
il,7
urgentcar,7
microscop,7
jacket,7
boo,7
blockbust,7
yancopoulo,7
basmah,7
attenu,7
yuma,7
seafar,7
kreb,7
kang,7
mahan,7
iacurto,7
pesach,7
larson,7
falo,7
fortyish,7
eightyish,7
charger,6
flashlight,6
elast,6
weekslong,6
requisit,6
fantast,6
blend,6
unconvent,6
postpandem,6
bore,6
postcovid,6
liu,6
beneath,6
endless,6
directtoconsum,6
compos,6
vaniti,6
footprint,6
ate,6
purel,6
wealthiest,6
mogul,6
fragment,6
lincoln,6
chorus,6
pragmat,6
publicsector,6
lighter,6
crystal,6
warship,6
commend,6
landmark,6
whip,6
dj,6
smalltown,6
angelo,6
dialogu,6
reced,6
constel,6
passiv,6
workflow,6
embark,6
slightest,6
commonplac,6
tj,6
lyft,6
forehead,6
longhaul,6
lord,6
aaron,6
relent,6
philanthropi,6
propel,6
traction,6
cloudbas,6
saver,6
powerpoint,6
conway,6
subdu,6
rerout,6
versa,6
rutger,6
upscal,6
francisco,6
sauc,6
perpetu,6
steakhous,6
furthermor,6
jnj,6
reappear,6
repositori,6
populist,6
conley,6
graviti,6
finland,6
spat,6
resurfac,6
conspicu,6
concoct,6
avid,6
referendum,6
crumbl,6
predecessor,6
forfeit,6
farreach,6
brass,6
potent,6
saga,6
barb,6
beatendown,6
proxi,6
lieuten,6
foodservic,6
battlefield,6
schiff,6
subsaharan,6
illequip,6
traffick,6
racism,6
overshadow,6
inflow,6
unnam,6
jordan,6
amin,6
weinhaus,6
posttraumat,6
choke,6
beforehand,6
swallow,6
vall,6
seriana,6
threemonth,6
scar,6
headwind,6
statebyst,6
stoxx,6
todo,6
unrespons,6
notori,6
evil,6
mccartney,6
schmitz,6
intel,6
steppedup,6
flier,6
dice,6
simplifi,6
roil,6
hulu,6
standup,6
penal,6
depot,6
sinus,6
trivia,6
disregard,6
stymi,6
chime,6
idt,6
qiagen,6
predica,6
logjam,6
peruvian,6
sacr,6
tuition,6
cheesecak,6
gilbert,6
jodi,6
paramet,6
rebat,6
minuscul,6
goat,6
inbound,6
petco,6
tutori,6
takeov,6
palestinian,6
forgon,6
bach,6
loath,6
dimon,6
gild,6
preach,6
cherish,6
manila,6
jenkin,6
emeritus,6
conquer,6
microstrategi,6
interperson,6
debilit,6
tsla,6
contractu,6
burk,6
stroll,6
notforprofit,6
photographi,6
taho,6
geriatr,6
corwin,6
tribal,6
keith,6
horizon,6
biosolut,6
genentech,6
boon,6
roberto,6
willow,6
neglect,6
jacksonvill,6
dearborn,6
suv,6
intric,6
dash,6
barra,6
sketch,6
carpet,6
congresswoman,6
yang,6
redistribut,6
alltim,6
macdonald,6
risktak,6
robl,6
spider,6
analog,6
carnag,6
coachella,6
shim,6
poloz,6
di,6
conced,6
imposit,6
unwel,6
banana,6
atop,6
champagn,6
prepandem,6
jp,6
natali,6
fixedasset,6
mug,6
rhetor,6
wenliang,6
wechat,6
bookstor,6
farfetch,6
greed,6
cartoon,6
mimic,6
prophylaxi,6
fastfood,6
academia,6
studentloan,6
ware,6
reproduc,6
elicit,6
fastgrow,6
glanc,6
charit,6
theatr,6
adjac,6
yell,6
prophylact,6
hariri,6
massbas,6
eras,6
clout,6
haley,6
widebodi,6
incapacit,6
deput,6
wade,6
immunologist,6
lymphoma,6
furnish,6
mend,6
kraft,6
workersafeti,6
unchang,6
loten,6
anguslotenwsjcom,6
agam,6
ernest,6
dublin,6
malfunct,6
buckl,6
columbus,6
macro,6
skateboard,6
sloan,6
salut,6
cutback,6
immunotherapi,6
sixweek,6
insult,6
chant,6
fourpag,6
api,6
placement,6
precinct,6
christina,6
represent,6
kimber,6
enlighten,6
grass,6
sway,6
pale,6
bark,6
charm,6
twelv,6
miranda,6
sterl,6
hemorrhag,6
expel,6
unspecifi,6
bennett,6
coloni,6
governmentback,6
roast,6
multin,6
beig,6
wong,6
roar,6
melbourn,6
ayatollah,6
embarrass,6
ascend,6
funnel,6
sync,6
riskier,6
unpleas,6
outflow,6
kristi,6
ursula,6
defianc,6
unaccept,6
bethesda,6
vecchio,6
defici,6
bodili,6
jeopard,6
unprofit,6
pia,6
idc,6
subscript,6
monet,6
yeah,6
smallest,6
conform,6
commenc,6
alp,6
uruguay,6
trek,6
singaporean,6
underpin,6
foolish,6
scent,6
reenter,6
syring,6
kathi,6
longlast,6
downplay,6
newer,6
eduardo,6
compat,6
personalprotect,6
noncoronavirus,6
courtroom,6
reclin,6
overestim,6
statelevel,6
gastrointestin,6
ultrasound,6
tanker,6
uganda,6
faction,6
olivia,6
torn,6
monthlong,6
pitchbook,6
recurr,6
serum,6
township,6
careon,6
brick,6
briberi,6
slope,6
toomey,6
rampant,6
wujekcalcaterra,6
middleag,6
imper,6
peculiar,6
costum,6
popup,6
adolesc,6
knight,6
unexplain,6
dormitori,6
multifamili,6
autumn,6
scourg,6
sunshin,6
suspici,6
lesserknown,6
evolut,6
helplin,6
petra,6
psychiatr,6
bellweth,6
irvin,6
shoff,6
outset,6
amherst,6
dashboard,6
undiagnos,6
melder,6
lockup,6
nixon,6
underfund,6
neurologist,6
neuroscientist,6
mainstay,6
decadesold,6
coronari,6
enrich,6
domino,6
cleric,6
libertarian,6
checkup,6
virul,6
ibuprofen,6
havent,6
gucci,6
unoffici,6
collector,6
apt,6
okay,6
opendoor,6
noem,6
transcript,6
barton,6
ahm,6
mls,6
robinson,6
bother,6
charmin,6
accident,6
plexiglass,6
suck,6
vox,6
blew,6
shipown,6
buss,6
bischoff,6
retrospect,6
nonviol,6
sternberg,6
meddl,6
ada,6
checker,6
estÃ¡n,6
pacient,6
dicen,6
como,6
cuando,6
mientra,6
hay,6
ha,6
needl,6
lifelong,6
acronym,6
koch,6
pipe,6
drift,6
quarterback,6
hype,6
shaman,6
ginger,6
holdout,6
rampup,6
castellano,6
saracastellanoswsjcom,6
cmo,6
darden,6
delic,6
flour,6
webcam,6
gotta,6
rug,6
energet,6
radar,6
frey,6
downstair,6
gruel,6
brow,6
benign,6
magtoto,6
needless,6
freak,6
grandpa,6
if,6
rossi,6
seib,6
lowerincom,6
circuitbreak,6
nimbl,6
balconi,6
overdr,6
ciclesonid,6
prey,6
antivirus,6
domain,6
pitt,6
colorist,6
elain,6
handi,6
rins,6
secondquart,6
seep,6
ryu,6
slaughter,6
undertaken,6
prescient,6
freezer,6
contrarian,6
aristotl,6
dumb,6
irregular,6
midland,6
restless,6
lagard,6
keytruda,6
strictest,6
diseasecontrol,6
puglia,6
tiffani,6
aftermarket,6
muriel,6
dhs,6
qr,6
thwart,6
gallon,6
widow,6
mortuari,6
lightfoot,6
witch,6
playdat,6
till,6
unnatur,6
nantwork,6
koh,6
outpost,6
penni,6
siobhan,6
slovakia,6
meaningless,6
textbook,6
tunnel,6
yellowston,6
samayoa,6
wolk,6
cboe,6
highyield,6
motherinlaw,6
facialrecognit,6
marshfield,6
arbitrag,6
mushroom,6
williamson,6
coffer,6
sap,6
shen,6
rodger,6
midth,6
workingclass,6
markettim,6
zurich,6
selldorf,6
paralysi,6
candi,6
morbid,6
rheumatologist,6
doc,6
mead,6
petaflop,6
seminar,6
storytel,6
laredo,6
skew,6
nk,6
glimmer,6
imam,6
grownup,6
wrongdo,6
garcetti,6
cologn,6
breakup,6
sponsorship,6
underserv,6
accru,6
windfal,6
mileag,6
spotti,6
ethicist,6
eichner,6
newscast,6
cobra,6
thadhani,6
med,6
nysna,6
civic,6
ballist,6
mccauley,6
manfr,6
leukin,6
thiel,6
dolsten,6
friedman,6
incorrect,6
granicus,6
ecolog,6
evolutionari,6
memorychip,6
galaxi,6
fdaapprov,6
zauzmer,6
anwar,6
brener,6
oval,6
decker,6
decoy,6
mckenzi,6
teladoc,6
unilater,6
seatmil,6
christaki,6
sleeper,6
gambotto,6
beutel,6
mcmillon,6
ocd,6
zoellick,6
mathew,6
ganesan,6
toffler,6
overburden,5
deflect,5
aesthet,5
goto,5
dim,5
desktop,5
buffet,5
lauri,5
revert,5
serial,5
obamacar,5
lighten,5
unhappi,5
brickandmortar,5
eclips,5
unsuccess,5
cineworld,5
coven,5
decri,5
christ,5
sin,5
fray,5
iii,5
grime,5
blain,5
ketchum,5
stockton,5
toliv,5
nap,5
faint,5
hallmark,5
transcend,5
tongu,5
undo,5
patron,5
sneak,5
identif,5
monica,5
flout,5
cheng,5
semiautonom,5
maskless,5
nicol,5
pernod,5
ricard,5
rÃ©mi,5
brewer,5
distil,5
unsold,5
noncrit,5
bandana,5
guilt,5
nudg,5
velev,5
jaein,5
techheavi,5
tug,5
fourday,5
israelit,5
haggada,5
ordinarili,5
meme,5
egyptian,5
entrepreneuri,5
problemsolv,5
retard,5
relaps,5
duck,5
sour,5
shatter,5
degrad,5
critiqu,5
shrug,5
vascular,5
cajol,5
unpack,5
devote,5
butcher,5
smarter,5
rib,5
tabletop,5
steak,5
curri,5
messi,5
neat,5
candor,5
citizenship,5
sovereignti,5
displac,5
orban,5
lament,5
novelist,5
morph,5
georgieva,5
delici,5
sidewalk,5
"write', ""o'gradywsjcom"", 'copyright",5
bigticket,5
dystopian,5
onefifth,5
marque,5
nearempti,5
verbal,5
mismanag,5
loudspeak,5
gallagh,5
collis,5
colonel,5
oust,5
starboard,5
mantl,5
lifesupport,5
malnutrit,5
haiti,5
blackout,5
intermitt,5
caraca,5
goodwil,5
zheng,5
kampala,5
lijian,5
glow,5
johannesburg,5
englishlanguag,5
moria,5
pulmonologist,5
unbeliev,5
icus,5
hallucin,5
childbirth,5
scout,5
fontana,5
publicrel,5
mainstream,5
lurch,5
chastis,5
outpour,5
sag,5
nonrefund,5
midjun,5
yearoveryear,5
ecosystem,5
wh,5
boutiqu,5
antibacteri,5
fog,5
mist,5
christi,5
ping,5
perk,5
marlboro,5
writedown,5
crackdown,5
cfo,5
audit,5
counterfeit,5
pricegoug,5
yearearli,5
commerceiq,5
dizzi,5
bailey,5
kr,5
susten,5
healthdepart,5
laboratorygrad,5
herald,5
preclud,5
coronavirustest,5
hoop,5
maladi,5
iiââtak,5
ezra,5
zilkha,5
thicker,5
awe,5
menac,5
niec,5
bucket,5
bemil,5
derek,5
bedrock,5
revamp,5
oven,5
cutter,5
lengthen,5
multibilliondollar,5
turtl,5
rhi,5
reptil,5
treati,5
legitimaci,5
newest,5
conceal,5
medal,5
fring,5
pollster,5
greenlight,5
backward,5
marseill,5
dermatolog,5
offlabel,5
isi,5
goog,5
eucharist,5
dolan,5
tomb,5
curs,5
jd,5
archdioces,5
nottingham,5
relic,5
palo,5
monster,5
carv,5
saylor,5
vancouv,5
infring,5
lawler,5
shapiro,5
napa,5
categor,5
intensivecareunit,5
cement,5
latitud,5
munich,5
worstaffect,5
shred,5
plumber,5
pub,5
conundrum,5
hoc,5
inovio,5
abbvi,5
rheumatoidarthr,5
jc,5
peacetim,5
der,5
unproduct,5
appal,5
phoni,5
foreshadow,5
pact,5
pummel,5
helm,5
liebert,5
squad,5
earnest,5
paso,5
washroom,5
morneau,5
policymak,5
bravo,5
shuker,5
dorri,5
turnov,5
jami,5
gatorad,5
lockeddown,5
salvag,5
backbon,5
weibo,5
doubledigit,5
kongbas,5
keqiang,5
epidemiccontrol,5
nurtur,5
loyalti,5
tori,5
mcgurnwsjcom,5
nugget,5
bunker,5
oversaw,5
jake,5
provision,5
scalabl,5
rybicki,5
quebec,5
dancer,5
preview,5
plight,5
playwright,5
bigciti,5
debunk,5
brigad,5
bot,5
cholesterol,5
cytovia,5
ventureback,5
cfos,5
crist,5
ba,5
coronavirusdriven,5
starv,5
narrowli,5
corral,5
shaken,5
fouryear,5
exhort,5
homework,5
nonemerg,5
ks,5
hourlong,5
toss,5
unus,5
reboot,5
turnstil,5
coveral,5
underneath,5
glynn,5
showroom,5
hyundai,5
hunch,5
agamshahwsjcom,5
herlet,5
maplewood,5
takeoff,5
unforeseen,5
tee,5
hey,5
fat,5
shark,5
superstar,5
steeper,5
smash,5
repercuss,5
more,5
dobay,5
cutler,5
toner,5
pelvic,5
stupid,5
hewitt,5
milley,5
tangibl,5
mismatch,5
foreman,5
kkr,5
cohead,5
delinqu,5
harbour,5
falcon,5
webinar,5
gland,5
vibrant,5
lamb,5
revok,5
statemedia,5
marti,5
culprit,5
aquat,5
reservoir,5
trough,5
bryant,5
footwear,5
weakest,5
xu,5
yu,5
forgot,5
altruist,5
mankind,5
rescind,5
alibaba,5
cuttingedg,5
nucleic,5
emergencyus,5
solomon,5
propag,5
conscienc,5
afoul,5
oner,5
worthi,5
dismantl,5
dosag,5
evangel,5
quantifi,5
aros,5
underwear,5
sewer,5
orchestr,5
quincey,5
specter,5
crawl,5
downtim,5
anthem,5
kemp,5
semioffici,5
hastili,5
essenc,5
unemploymentbenefit,5
cashstrap,5
entrepreneurship,5
contour,5
jayap,5
surrend,5
bigbox,5
bogus,5
oilandga,5
politico,5
paragraph,5
throne,5
condominium,5
jassan,5
pearl,5
caseload,5
unfound,5
disobey,5
sieg,5
lindsey,5
dain,5
untest,5
scarsdal,5
rashida,5
configur,5
melman,5
tucson,5
strap,5
fiveday,5
alveoli,5
gang,5
rider,5
cow,5
biweek,5
stitch,5
machhar,5
recept,5
opportunist,5
summari,5
emt,5
spar,5
helman,5
nicola,5
debbi,5
pablo,5
sÃ¡nchez,5
beshear,5
lawenforc,5
buckley,5
unravel,5
prepackag,5
fend,5
nausea,5
obstetrician,5
fetus,5
vale,5
nickel,5
eagl,5
milit,5
indiffer,5
leve,5
mothbal,5
sebastian,5
taliban,5
telegram,5
rebuf,5
puppet,5
str,5
carnegi,5
bostonarea,5
conferenc,5
ruthless,5
kaul,5
kitchel,5
toxin,5
onefourth,5
thune,5
outspoken,5
submiss,5
masoumeh,5
laxminarayan,5
outskirt,5
collid,5
zimbabw,5
vacant,5
abu,5
stern,5
clair,5
undocu,5
extrapol,5
headphon,5
nar,5
homebas,5
sprout,5
bulli,5
weav,5
microbiologist,5
mailman,5
zimmerman,5
sharper,5
patent,5
intuit,5
mccormick,5
heinz,5
sitharaman,5
weekold,5
louis,5
trampolin,5
cage,5
donahu,5
dnc,5
aerosol,5
symptomfre,5
spit,5
seaport,5
ibarra,5
auster,5
infiltr,5
florian,5
ashley,5
seam,5
mat,5
sung,5
enclos,5
nissen,5
lowlevel,5
rancher,5
robertson,5
bungl,5
lowinterest,5
courtesi,5
wheelchair,5
aunt,5
utensil,5
brotherinlaw,5
tutor,5
einstein,5
chaim,5
rode,5
lip,5
permanent,5
pinpoint,5
stainless,5
countertop,5
emit,5
torrent,5
expedi,5
plaza,5
retrench,5
vain,5
amplif,5
patti,5
underw,5
freeland,5
halfcenturi,5
z,5
tulsa,5
artificialintellig,5
eran,5
flux,5
affidavit,5
ceil,5
remotelearn,5
takeaway,5
thereaft,5
dauschmidt,5
globalhealth,5
coleman,5
crank,5
brisk,5
microb,5
estÃ¡,5
salud,5
dolor,5
otra,5
unido,5
casa,5
experto,5
evitar,5
uso,5
superfici,5
aÃ±o,5
reunion,5
holyok,5
brim,5
quell,5
rockefel,5
taper,5
riyadh,5
quash,5
smear,5
debtor,5
bradford,5
cochief,5
upstat,5
superstorm,5
jarrett,5
procter,5
br,5
automak,5
memoir,5
decompress,5
sane,5
offload,5
montreal,5
hung,5
paolo,5
nasa,5
hypothet,5
carolin,5
monk,5
rehears,5
eerili,5
rudoy,5
chore,5
canal,5
handson,5
stubborn,5
passfail,5
hi,5
creator,5
contenti,5
dong,5
spectacular,5
cum,5
scroung,5
undertak,5
postcrisi,5
diari,5
inbox,5
belli,5
gorman,5
sip,5
potter,5
fetch,5
hing,5
ascertain,5
renaiss,5
emcrit,5
putnam,5
ulcer,5
stunt,5
norton,5
greenberg,5
moneymarket,5
monkey,5
sanctuari,5
io,5
scissor,5
haircut,5
parisbas,5
flareup,5
jaw,5
tame,5
coconut,5
httpswwwwsjcomarticlesglobalstockmarketsdowupd,5
asiapacif,5
oilproduc,5
wheeler,5
illiquid,5
clueless,5
fukuda,5
highfiv,5
pleasant,5
bagehot,5
economicrelief,5
oiler,5
almond,5
redund,5
fractur,5
salmon,5
arguabl,5
improb,5
ponder,5
greenback,5
systemat,5
reinsur,5
uninfect,5
reich,5
highaltitud,5
trafficcontrol,5
videocal,5
inappropri,5
expandedaccess,5
yonker,5
filmmak,5
marcon,5
biglioli,5
grandson,5
sportswrit,5
haddon,5
raucous,5
devo,5
expedia,5
missioncrit,5
bowden,5
aitai,5
lucchelli,5
highperform,5
mortician,5
mulligan,5
strait,5
repeal,5
temptat,5
ugli,5
cylind,5
trainer,5
prerecord,5
mintcondit,5
ethiopia,5
astronaut,5
diana,5
tenet,5
compassionateus,5
adjuv,5
oxfam,5
toughest,5
osaka,5
discern,5
trove,5
statemand,5
twoway,5
ahold,5
reinvest,5
loot,5
interconnect,5
lippert,5
virtus,5
xenophobia,5
ditch,5
redesign,5
capillari,5
extraordinarili,5
jefferson,5
unh,5
karyn,5
overseen,5
h,5
brunt,5
curriculum,5
tesco,5
lydia,5
denverbas,5
gallbladd,5
wearabl,5
dexcom,5
hca,5
huanggang,5
colorcod,5
xinjiang,5
sierra,5
flightradar,5
revitz,5
reuven,5
worcest,5
patricia,5
emoji,5
paramount,5
menorca,5
leo,5
yearsold,5
garibaldi,5
debri,5
lid,5
nonstop,5
linda,5
sanghvi,5
insect,5
broeksmit,5
mainfram,5
amtrak,5
tombsweep,5
yi,5
countrysid,5
torr,5
huber,5
injur,5
brayden,5
hose,5
wardl,5
bcg,5
playoff,5
tester,5
worshipp,5
wardrob,5
desus,5
mero,5
luca,5
campania,5
mclaughlin,5
roller,5
janitor,5
duan,5
applaud,5
cardio,5
ingeni,5
machinelearn,5
optic,5
carinsur,5
phenomen,5
sprinkl,5
nacoti,5
ment,5
cari,5
houseparti,5
router,5
yearround,5
gentil,5
tireless,5
sodamin,5
ritzcarlton,5
galeri,5
whitley,5
locationtrack,5
jong,5
loya,5
brandon,5
olabisi,5
branson,5
intercontinent,5
healthcaregov,5
caretak,5
comorbid,5
criswel,5
kane,5
shea,5
suni,5
proposit,5
steal,5
nextdoor,5
hornbeck,5
zara,5
cheat,5
samantha,5
futurist,5
vu,5
heck,5
carrot,5
carranza,5
vers,5
jona,5
sandbag,5
frenk,5
brotto,5
stanton,5
cacciator,5
gpif,5
janpro,5
sonni,5
corn,5
reid,5
relaunch,5
nonperish,5
nt,5
humbl,5
postcoronavirus,5
kardashian,5
churchil,5
kuhl,5
puerper,5
nadia,5
giuliani,5
varadkar,5
ngbs,5
refresco,5
ustr,5
geng,5
unitedhealthcar,5
mcmahon,5
hvivo,5
utilitarian,5
munific,5
subtitl,5
buchholz,5
biorefer,5
dier,5
todman,5
